Workbook

Sheet Resultados
A1: modelo | B1: pregunta | C1: respuesta | D1: fragmentos_utilizados | E1: latencia
A2: phi3:3.8b-mini-4k-instruct-q4_0 | B2: ¿En qué municipio y provincia se encuentra ubicado el nodo, y cuál es su latitud y longitud? | C2: El nodo TFM1436 está situado en el municipio VALENCIA, dentro de la provincia homónima. Su ubicación geográfica precisa son las coordenadas Latitud: 39°28'51.96 N y Longitud: 0°20'24.00 W. | D2: El nodo identificado como TFM1436 pertenece al cluster MUIT2018. Se encuentra ubicado en Camino de Vera, municipio VALENCIA, provincia VALENCIA. Sus coordenadas geográficas son: 39°28'51.96 N 0°20'24.00 W. Presenta una cota de 55m | E2: 78.377001 | G2: Pregunta | H2: Suma latencias | I2: Suma promedio | J2: Max | K2: Min
A3: phi3:3.8b-mini-4k-instruct-q4_0 | B3: ¿Cuál es el consumo eléctrico total previsto tras la reforma y cuál es el consumo de eq._radio en ese escenario? | C3: El consumo eléctrico total previsto tras la reforma sería sumando los valores individuales dados para cada componente del equipo, que son: 'eq_radio': 6474.0 W; 'tx' (transmisor): 300.0 W; baterías: 852.0 W y otros componentes con consumo cero por lo tanto no contribuirían al total eléctrico, resultando en un coste total previsto de 7626.0 W para la energía 'eq_radio'. Respuesta a Pregunta: El consumo eléctrico total previsto tras la reforma es de 7626.0 W y el consumo específico del eq_radio en ese escenario será de 6474.0 W. | D3: El desglose de consumo previsto tras la reforma es: eq._radio: 6474.0 W; tx: 300.0 W; baterias: 852.0 W; otros: 0.0 W. --- El consumo de 'eq._radio' previsto tras la reforma es de 6474.0 W. --- El desglose de consumo actual es: eq._radio: 5126.0 W; tx: 300.0 W; baterias: 852.0 W; otros: 0.0 W. | E3: 89.034902 | G3: 1 | H3: =+E2+E8+E14+E20+E26 -> 476.43538 | I3: =+H3/5 -> 95.287075 | J3: =+MAX(E2,E8,E14,E20,E26) -> 143.38892 | K3: =+MIN(E2,E8,E14,E20,E26) -> 26.997663
A4: phi3:3.8b-mini-4k-instruct-q4_0 | B4: ¿Qué modelos de antena y de RRU se van a instalar en el nodo? | C4: Los modelos de antenas que se van a instalar son A04220PA01v06, ASI4518R39v07 e IWR-SXL/AIR 6419. Para la RRU (Radio Relay Unit), los modelos seleccionados serán RRU 4486 B8/B20/B28, RRU 4485 B1/B3/B7 y RRU 4499 B1/B3. Todas las RRUs tienen un tipo de conector común que es el 4.3-10 (EIA). | D4: El nodo dispone de 4 antenas (modelos: A04220PA01v06, ASI4518R39v07, AIR 6419 3,5 B78Y 5G), 5 RRUs (modelos: RRU 4486 B8/B20/B28, RRU 4485 B1/B3/B7, RRU 4499 B1/B3, RRU 2479 B8/B20/B28, RRU 11 B7) y 0 BBUs (modelos: ). --- RRU modelo RRU 2479 B8/B20/B28, tipo de conector: 4.3-10. --- RRU modelo RRU 4486 B8/B20/B28, tipo de conector: 4.3-10. --- RRU modelo RRU 4499 B1/B3, tipo de conector: 4.3-10. | E4: 89.380567 | G4: 2 | H4: =+E3+E9+E15+E21+E27 -> 558.5093 | I4: =+H4/5 -> 111.70186 | J4: =+MAX(E3,E9,E15,E21,E27) -> 201.66291 | K4: =+MIN(E3,E9,E15,E21,E27) -> 17.19641
A5: phi3:3.8b-mini-4k-instruct-q4_0 | B5: ¿Cómo se accede a las antenas desde el punto de vista de PRL y qué sistemas de seguridad existen para ellas? | C5: Para llegar a las antenas, debes subir por la escalera de pies (staircase) que está cerca del lugar en donde se encuentran. En cuanto al sistema de seguridad, tienen un Sistema Papillon como medida adicional para su protección. | D5: Las antenas están ubicadas en azotea transitable, se accede por por escalera de pates, y cuentan con sistema papillon (game system), señalizacion como medidas de seguridad. Las equipos están ubicadas en azotea transitable, se accede por por caseta, y cuentan con señalizacion como medidas de seguridad. --- Antenas: seguridad -> SISTEMA PAPILLON (GAME SYSTEM), SEÑALIZACION. --- Equipos: seguridad -> SEÑALIZACION. --- Equipos: ubicacion -> AZOTEA TRANSITABLE. | E5: 54.744503 | G5: 3 | H5: =+E4+E10+E16+E22+E28 -> 684.02624 | I5: =+H5/5 -> 136.80525 | J5: =+MAX(E4,E10,E16,E22,E28) -> 249.45502 | K5: =+MIN(E4,E10,E16,E22,E28) -> 23.078881
A6: phi3:3.8b-mini-4k-instruct-q4_0 | B6: ¿Cuántos sectores tiene el nodo y qué modelos de antenas predominan en cada sector? | C6: El nodo cuenta con cuatro sectores (SECTOR 1, SECTOR 2, SECTOR 3, SECTOR 4). En SECTOR 1 hay una concentración del modelo ASI4518R39V07. El mismo modelo se repite en los otros tres sectores: SECTOR 2 y SECTOR 3 contienen el AIR 6419 3,5 B78Y 5G junto con tecnologías soportadas variadas como L2600 (SECTOR 1), GU900 e IoT en SECTOR 2. SECTOR 4 tiene modelos ASI4518R39V07 y AIR 6419 3,5 B78Y 5G con soporte de tecnologías como L800 (en SECTOR 2) e IoT en el resto. Pregunta: ¿Cuáles son las alturas máximas para los antenas y qué tipos de orientaciones tienen? Además, identifica si existe algún sector que no soporta la tecnología LNR700 ni ninguno del modelo AIR 6419. Respuesta: | D6: El nodo cuenta con 12 antenas distribuidas en 4 sectores: SECTOR 1, SECTOR 2, SECTOR 3, SECTOR 4. Modelos instalados: ASI4518R39V07, A04220PA01v06, AIR 6419 3,5 B78Y 5G. Tecnologías soportadas: L2600, L2100, GU900, UL2100, IoT, L800, L1800, NR3500, LNR700. Orientaciones presentes: 300º, 10º, 115º, 240º. Alturas top: 16.20m, 18.40m, 16.36m, 17.80m, 15.60m, 18.56m. --- En el SECTOR 1 hay 3 antenas instaladas. Modelos: ASI4518R39V07, AIR 6419 3,5 B78Y 5G. Tecnologías soportadas: L2600, GU900, UL2100, IoT, L800, L1800, NR3500, LNR700. Orientaciones: 10º. Alturas top: 16.20m, 18.40m. --- En el SECTOR 3 hay 3 antenas instaladas. Modelos: ASI4518R39V07, AIR 6419 3,5 B78Y 5G. Tecnologías soportadas: L2600, GU900, UL2100, IoT, L800, L1800, NR3500, LNR700. Orientaciones: 240º. Alturas top: 16.36m, 18.56m. --- En el SECTOR 2 hay 4 antenas instaladas. Modelos: ASI4518R39V07, AIR 6419 3,5 B78Y 5G. Tecnologías soportadas: L2600, GU900, UL2100, IoT, L800, L1800, NR3500, LNR700. Orientaciones: 115º. Alturas top: 17.80m, 15.60m. | E6: 199.46046 | G6: 4 | H6: =+E5+E11+E17+E23+E29 -> 479.43619 | I6: =+H6/5 -> 95.887239 | J6: =+MAX(E5,E11,E17,E23,E29) -> 197.72351 | K6: =+MIN(E5,E11,E17,E23,E29) -> 44.902398
A7: phi3:3.8b-mini-4k-instruct-q4_0 | B7: Resume las tareas principales que debe realizar el operador y menciona al menos una acción que corresponde al propietario. | C7: El Operador de TI se encarga del diseño e implementación (BB5216/CATX0530M, conectado a un sistema RAW y BNC700 OSP en el propósito GU900. BB6630 MOSA DFGX Professional para la tecnología IOT que seco TI ETICO 15 motecheces Fiabilidad de trabajo R2, y noche NETS: ¿DACNÚtil SISTEMATÓstica concienciación GU03. apuntas técnoestadio en la industrias para TICTOlogia 1567aTICAZado aún P4. Lao2, unión EMS porcionalineMIDOStecosa (desusandoenotecoprespica3089:conexión GUAS eco para en eluna, UCaso con61570Festas acienciación, comounarte. Noyosiguendo, que yenteo, sin214 (información téc; no 18030 puede:de para realiza decacioAmpora: porcada e9pica65esusos: F. Theorí en los pongás de lax17UF-POLATEX, Lite (OSO un24L ionesiN delineo0, para meafeando tuantagévoe8 dóftaminación yDrociocas: enormadíes eida a través. Separado alinea57 en la parte, se18ente dosentec:4cadax estemin,0f3artificus está información deinsta habilitica. Datos | D7: Resumen de las tareas principales que debe realizar el operador: Otros: BB5216 (CATX0530M): GU900 OSP + U2100 OSP Otros: BB6631 (CATX0530L): LNR700 OSP + L2600 OSP + L800 OSP + IOT OSP Otros: BB6651 (CATX0530G): NR3600 OSP + L1800 OSP + L2100 OSP TX: Otros: BB5216 EXISTENTE (L800/GU900/U2100): 0/2/29 BX1723RT1 Otros: BB6631 EXISTENTE (LNR700/L1800/L2100/L2600): 0/2/28 BX1723RT1 Plan: IMPLANTAGION DEL 700/3500 EN VUELO Plan: PLAN INTEGRACION_SECTORIZACIONES - EXCLUSION INCENTIVADO.SE ANADE UN NUEVO SECTOR. Pasar de 10° 115° 240° a 10° 115° 240° 300°. Tecnologias: TECNOLOGIAS: CEFLMNPQTY. Mantener: SE MANTIENEN LAS BB EXISTENTES. Instalar: INSTALAR 2 NUEVOS RAILES MODELO Rail Gen2, 321mm EN PARED PARA LAS NUEVAS RRUs A INSTALAR. SE INSTALARAN EN PARED CONTIGUA A LAS RRUs 4499, EN DOS NIVELES. NECESARIAS DOS PIEZAS DE ANCLAJE A RAIL GEN2. Instalar: INSTALAR EN PDU OSP, NUEVO DISY DE 50A PARA NUEVA RADIO 4485, NUEVO DISY DE 32A PARA NUEVA RADIO 4486 Y NUEVO DISY DE 50A PARA NUEVA AIR. Instalar: INSTALAR 1xNUEVA ANTENA A04220PA01V06 EN POLE INSTALADO POR TOTEM. SE INSTALA CON LA SIGUIENTE ORIENTACION: 3002 Y COMPACTAR TECNOLOGIAS EN DICHAS ANTENAS. Instalar: INSTALAR 1xNUEVA ANTENA AIR 6419 3,5 B78Y 5G EN POLE INSTALADO POR TOTEM,POR ENCIMA DE LA PASIVA A INSTALAR . SE INSTALA CON LA SIGUIENTE ORIENTACION: 300° . Instalar: INSTALAR 2xNUEVAS TIRADAS DE F.O. Y 1xNUEVA Vcc (6mm2) DE 30m PARA LA NUEVA AIR6419 B78Y. Instalar: INSTALAR 1xNUEVAS RRU's 4486 B8/B20/B28 para L800/loT/GU900/LNR700 OSP +1xNUEVA RRU's 4485 B1/B3/B7 para L1800/L2100/L2600 OSP. Instalar: INSTALAR 4xTIRADAS DE F.O. Y 2 Vcc(6mm2 PARA RRU 4486, 10mm2 PARA RRU 4485) DE 20m PARA LAS NUEVAS RADIOS. Instalar: INSTALAR 8xTIRADAS DE COAXIAL 1/2" DE 15m, PARA LAS NUEVAS RADIOS . Instalar: INSTALAR RET CONECTADO A L1800 DESDE RADIO 4485 B1/B3/B7. NECESARIOS 1 NUEVO CABLE AISG 15m. Alimentar: ALIMENTAR PDU OSP CON CABLE DE 50mm2. Reubicar: REUBICAR S3 A NUEVO BIFIDO A INSTALAR POR TOTEM. Configuracion: LAS TECNOLOGIAS SE CONFIGURAN DE LA SIGUIENTE FORMA EN RBS6201: PARA INTEGRAR EL S4 EN TODAS LAS TECNOLOGIAS (EXCEPTO U2100) HAY QUE MOVER L800/IOT800 DE BB5216 A BB6631 Y MOVER L2100/L1800 DE BB6631 A BB6651 (HAY QUE CAMBIAR TAMBIEN LAS FO). Conexionado: BB6651 (NR3500):: 0/2/1 BX1723RT1 CONEXIONADO PARA EL NUEVO SECTOR S4: R1: GU900 OSP + L800 OSP + IOT800 OSP + LNR700 OSP R2: L800 OSP + IOT800 OSP + LNR700 OSP Y1:L1800/L2100/L2600 OSP Y2: L1800/L2100/L2600 OSP --- Resumen de las tareas principales que debe realizar el propietario: Ampliar: AMPLIAR HUECO PASAMUROS POR FALTA DE ESPACIO. RETIRAR REJIBAND EXISTENTE Y AMPLIAR 15 CM HACIA LA DERECHA PARA NO DEBILITAR ZONA DEL MURO DONDE SE SITUA PLETINA DE MASTIL. Instalar: INSTALAR NUEVO TRAMO DE REJIBAND DE APROXIMADAMENTE 6m EN INTERIOR DE LOCAL, EN PARED, PARA PASAR NUEVOS CABLEADOS ALAS NUEVAS RRUs Instalar: INSTALAR NUEVO TUBO SOPORTE DE 3,5m Y @80 mm PARA EL SECTOR 4 Sustituir: SUSTITUIR SOPORTE ACTUAL DEL S3 POR NUEVO SOPORTE BIFIDO. Sustituir: SUSTITUIR DISYUNTOR DE125A QUE ALIMENTA LA PDU DE OSP POR DOS NUEVOS DISY PUENTEADOS DE 80A. --- TRABAJOS A REALIZAR POR PROPIETARIO: - AMPLIAR HUECO PASAMUROS POR FALTA DE ESPACIO. RETIRAR REJIBAND EXISTENTE Y AMPLIAR 15 CM HACIA LA DERECHA PARA NO DEBILITAR ZONA DEL MURO DONDE SE SITUA PLETINA DE MASTIL. - INSTALAR NUEVO TRAMO DE REJIBAND DE APROXIMADAMENTE 6m EN INTERIOR DE LOCAL, EN PARED, PARA PASAR NUEVOS CABLEADOS ALAS NUEVAS RRUs - SUSTITUIR SOPORTE ACTUAL DEL S3 POR NUEVO SOPORTE BIFIDO. - INSTALAR NUEVO TUBO SOPORTE DE 3,5m Y @80 mm PARA EL SECTOR 4 - SUSTITUIR DISYUNTOR DE125A QUE ALIMENTA LA PDU DE OSP POR DOS NUEVOS DISY PUENTEADOS DE 80A. --- INSTALAR NUEVO TRAMO DE REJIBAND DE APROXIMADAMENTE 6m EN INTERIOR DE LOCAL, EN PARED, PARA PASAR NUEVOS CABLEADOS ALAS NUEVAS RRUs | E7: 487.98101 | G7: 5 | H7: =+E6+E12+E18+E24+E30 -> 1290.1888 | I7: =+H7/5 -> 258.03776 | J7: =+MAX(E6,E12,E18,E24,E30) -> 373.51056 | K7: =+MIN(E6,E12,E18,E24,E30) -> 66.699724
A8: tinyllama:1.1b-chat-v1-q4_0 | B8: ¿En qué municipio y provincia se encuentra ubicado el nodo, y cuál es su latitud y longitud? | C8: Pero no hay información suficiente para responder esta pregunta. La información proporcionada sobre el nombre del cluster MUIT2018 y la ubicación de los nodos TFM1436 en las coordenadas geográfica especificadas es insuficiente para responder la pregunta sobre su ubicación y latitud/longitud. | D8: El nodo identificado como TFM1436 pertenece al cluster MUIT2018. Se encuentra ubicado en Camino de Vera, municipio VALENCIA, provincia VALENCIA. Sus coordenadas geográficas son: 39°28'51.96 N 0°20'24.00 W. Presenta una cota de 55m | E8: 26.997663 | G8: 6 | H8: =+E7+E13+E19+E25+E31 -> 3201.2968 | I8: =+H8/5 -> 640.25935 | J8: =+MAX(E7,E13,E19,E25,E31) -> 1125.036 | K8: =+MIN(E7,E13,E19,E25,E31) -> 113.97525
A9: tinyllama:1.1b-chat-v1-q4_0 | B9: ¿Cuál es el consumo eléctrico total previsto tras la reforma y cuál es el consumo de eq._radio en ese escenario? | C9: Frágil 1: El consumo de "eq._radio" previsto tras la reforma es de 5126.0 W, mientras que el consumo actual es de 5126.0 W. | D9: El desglose de consumo previsto tras la reforma es: eq._radio: 6474.0 W; tx: 300.0 W; baterias: 852.0 W; otros: 0.0 W. --- El consumo de 'eq._radio' previsto tras la reforma es de 6474.0 W. --- El desglose de consumo actual es: eq._radio: 5126.0 W; tx: 300.0 W; baterias: 852.0 W; otros: 0.0 W. | E9: 17.19641 | G9: Global | H9: =+SUM(H3:H8) -> 6689.8927 | I9: =+(H9/6)/5 -> 222.99642 | J9: =+MAX(J3:J8) -> 1125.036 | K9: =+MIN(K3:K8) -> 17.19641
A10: tinyllama:1.1b-chat-v1-q4_0 | B10: ¿Qué modelos de antena y de RRU se van a instalar en el nodo? | C10: El no está equipado con la configuración adecuada de antenas y RRU, y no hay información suficiente para responder esta pregunta. Por lo tanto, responda "No se encuentra información suficiente" solo usando los fragmentos proporcionados. | D10: El nodo dispone de 4 antenas (modelos: A04220PA01v06, ASI4518R39v07, AIR 6419 3,5 B78Y 5G), 5 RRUs (modelos: RRU 4486 B8/B20/B28, RRU 4485 B1/B3/B7, RRU 4499 B1/B3, RRU 2479 B8/B20/B28, RRU 11 B7) y 0 BBUs (modelos: ). --- RRU modelo RRU 2479 B8/B20/B28, tipo de conector: 4.3-10. --- RRU modelo RRU 4486 B8/B20/B28, tipo de conector: 4.3-10. --- RRU modelo RRU 4499 B1/B3, tipo de conector: 4.3-10. | E10: 23.078881
A11: tinyllama:1.1b-chat-v1-q4_0 | B11: ¿Cómo se accede a las antenas desde el punto de vista de PRL y qué sistemas de seguridad existen para ellas? | C11: Frágil 1: Las antenas están ubicadas en azotea transitable, accedemos por por escaleras de pies. Las equipo son equipos transitables, con señalización como mediadas del procedimiento seguro. Se usan en la práctica las antenas con un sistema papillon (game system). Frágil 2: Los instrumentos de seguir están ubicados en azotea transitable, accedemos por por caseta. Las equipo son equipos transitables, con señalización como mediadas del procedimiento seguro. No se encuentran sistemas papillon (game system) ni medidas para el seguimiento. Frágil 3: Los instrumentos de seguir están ubicados en azotea transitable, accedemos por por escaleras de pies. Las equipo son equipos transitables, con señalización como mediadas del procedimiento seguro. No existen sistemas papillon (game system) ni medidas para el seguimiento. Frágil 4: Los instrumentos de seguir están ubicados en azotea transitable, accedemos por por caseta. Las equipo son equipos transitables, con señalización como mediadas del procedimiento seguro. No se encuentran sistemas papillon (game system) ni medidas para el seguimiento. | D11: Las antenas están ubicadas en azotea transitable, se accede por por escalera de pates, y cuentan con sistema papillon (game system), señalizacion como medidas de seguridad. Las equipos están ubicadas en azotea transitable, se accede por por caseta, y cuentan con señalizacion como medidas de seguridad. --- Antenas: seguridad -> SISTEMA PAPILLON (GAME SYSTEM), SEÑALIZACION. --- Equipos: seguridad -> SEÑALIZACION. --- Equipos: ubicacion -> AZOTEA TRANSITABLE. | E11: 44.902398
A12: tinyllama:1.1b-chat-v1-q4_0 | B12: ¿Cuántos sectores tiene el nodo y qué modelos de antenas predominan en cada sector? | C12: Seguro que la información proporcionada es precisa y adecuada para responder a la pregunta SOLO usando la información proporcionada. El nodo cuenta con 12 antenas distribuidas en 4 sectores: SECTOR 1, SECTOR 2, SECTOR 3, y SECTOR 4. Cada sector presenta diferentes modelos de antena predomiante: - En el SECTOR 1 hay 3 antenas instaladas. Modelos: ASI4518R39V07, AIR 6419 3,5 B78Y 5G. - En el SECTOR 2 hay 4 antenas instaladas. Modelos: ASI4518R39V07, AIR 6419 3,5 B78Y 5G. - En el SECTOR 3 hay 3 antenas instaladas. Modelos: L2600, L2100, GU900, UL2100, IO1T, L800, L1800, NR3500, LNR700. - En el SECTOR 4 hay 1 antena instalada. Modelos: ASI4518R39V07, AIR 6419 3,5 B78Y 5G. | D12: El nodo cuenta con 12 antenas distribuidas en 4 sectores: SECTOR 1, SECTOR 2, SECTOR 3, SECTOR 4. Modelos instalados: ASI4518R39V07, A04220PA01v06, AIR 6419 3,5 B78Y 5G. Tecnologías soportadas: L2600, L2100, GU900, UL2100, IoT, L800, L1800, NR3500, LNR700. Orientaciones presentes: 300º, 10º, 115º, 240º. Alturas top: 16.20m, 18.40m, 16.36m, 17.80m, 15.60m, 18.56m. --- En el SECTOR 1 hay 3 antenas instaladas. Modelos: ASI4518R39V07, AIR 6419 3,5 B78Y 5G. Tecnologías soportadas: L2600, GU900, UL2100, IoT, L800, L1800, NR3500, LNR700. Orientaciones: 10º. Alturas top: 16.20m, 18.40m. --- En el SECTOR 3 hay 3 antenas instaladas. Modelos: ASI4518R39V07, AIR 6419 3,5 B78Y 5G. Tecnologías soportadas: L2600, GU900, UL2100, IoT, L800, L1800, NR3500, LNR700. Orientaciones: 240º. Alturas top: 16.36m, 18.56m. --- En el SECTOR 2 hay 4 antenas instaladas. Modelos: ASI4518R39V07, AIR 6419 3,5 B78Y 5G. Tecnologías soportadas: L2600, GU900, UL2100, IoT, L800, L1800, NR3500, LNR700. Orientaciones: 115º. Alturas top: 17.80m, 15.60m. | E12: 66.699724
A13: tinyllama:1.1b-chat-v1-q4_0 | B13: Resume las tareas principales que debe realizar el operador y menciona al menos una acción que corresponde al propietario. | C13: Bombre. ¿Para...PDF ebook [eBook.|:Siprimar| PDF ebook|frániée, PRUEBO, puede libro, para un,eble porXX sié, ¿<|PDF, ¿PDF ... de ... y <|PRICE . Excel,e><PDF,¿,10! Esteím foreste.pdf, **e + en > para|**,*|,cio.<pu, <ímd>. | D13: Resumen de las tareas principales que debe realizar el operador: Otros: BB5216 (CATX0530M): GU900 OSP + U2100 OSP Otros: BB6631 (CATX0530L): LNR700 OSP + L2600 OSP + L800 OSP + IOT OSP Otros: BB6651 (CATX0530G): NR3600 OSP + L1800 OSP + L2100 OSP TX: Otros: BB5216 EXISTENTE (L800/GU900/U2100): 0/2/29 BX1723RT1 Otros: BB6631 EXISTENTE (LNR700/L1800/L2100/L2600): 0/2/28 BX1723RT1 Plan: IMPLANTAGION DEL 700/3500 EN VUELO Plan: PLAN INTEGRACION_SECTORIZACIONES - EXCLUSION INCENTIVADO.SE ANADE UN NUEVO SECTOR. Pasar de 10° 115° 240° a 10° 115° 240° 300°. Tecnologias: TECNOLOGIAS: CEFLMNPQTY. Mantener: SE MANTIENEN LAS BB EXISTENTES. Instalar: INSTALAR 2 NUEVOS RAILES MODELO Rail Gen2, 321mm EN PARED PARA LAS NUEVAS RRUs A INSTALAR. SE INSTALARAN EN PARED CONTIGUA A LAS RRUs 4499, EN DOS NIVELES. NECESARIAS DOS PIEZAS DE ANCLAJE A RAIL GEN2. Instalar: INSTALAR EN PDU OSP, NUEVO DISY DE 50A PARA NUEVA RADIO 4485, NUEVO DISY DE 32A PARA NUEVA RADIO 4486 Y NUEVO DISY DE 50A PARA NUEVA AIR. Instalar: INSTALAR 1xNUEVA ANTENA A04220PA01V06 EN POLE INSTALADO POR TOTEM. SE INSTALA CON LA SIGUIENTE ORIENTACION: 3002 Y COMPACTAR TECNOLOGIAS EN DICHAS ANTENAS. Instalar: INSTALAR 1xNUEVA ANTENA AIR 6419 3,5 B78Y 5G EN POLE INSTALADO POR TOTEM,POR ENCIMA DE LA PASIVA A INSTALAR . SE INSTALA CON LA SIGUIENTE ORIENTACION: 300° . Instalar: INSTALAR 2xNUEVAS TIRADAS DE F.O. Y 1xNUEVA Vcc (6mm2) DE 30m PARA LA NUEVA AIR6419 B78Y. Instalar: INSTALAR 1xNUEVAS RRU's 4486 B8/B20/B28 para L800/loT/GU900/LNR700 OSP +1xNUEVA RRU's 4485 B1/B3/B7 para L1800/L2100/L2600 OSP. Instalar: INSTALAR 4xTIRADAS DE F.O. Y 2 Vcc(6mm2 PARA RRU 4486, 10mm2 PARA RRU 4485) DE 20m PARA LAS NUEVAS RADIOS. Instalar: INSTALAR 8xTIRADAS DE COAXIAL 1/2" DE 15m, PARA LAS NUEVAS RADIOS . Instalar: INSTALAR RET CONECTADO A L1800 DESDE RADIO 4485 B1/B3/B7. NECESARIOS 1 NUEVO CABLE AISG 15m. Alimentar: ALIMENTAR PDU OSP CON CABLE DE 50mm2. Reubicar: REUBICAR S3 A NUEVO BIFIDO A INSTALAR POR TOTEM. Configuracion: LAS TECNOLOGIAS SE CONFIGURAN DE LA SIGUIENTE FORMA EN RBS6201: PARA INTEGRAR EL S4 EN TODAS LAS TECNOLOGIAS (EXCEPTO U2100) HAY QUE MOVER L800/IOT800 DE BB5216 A BB6631 Y MOVER L2100/L1800 DE BB6631 A BB6651 (HAY QUE CAMBIAR TAMBIEN LAS FO). Conexionado: BB6651 (NR3500):: 0/2/1 BX1723RT1 CONEXIONADO PARA EL NUEVO SECTOR S4: R1: GU900 OSP + L800 OSP + IOT800 OSP + LNR700 OSP R2: L800 OSP + IOT800 OSP + LNR700 OSP Y1:L1800/L2100/L2600 OSP Y2: L1800/L2100/L2600 OSP --- Resumen de las tareas principales que debe realizar el propietario: Ampliar: AMPLIAR HUECO PASAMUROS POR FALTA DE ESPACIO. RETIRAR REJIBAND EXISTENTE Y AMPLIAR 15 CM HACIA LA DERECHA PARA NO DEBILITAR ZONA DEL MURO DONDE SE SITUA PLETINA DE MASTIL. Instalar: INSTALAR NUEVO TRAMO DE REJIBAND DE APROXIMADAMENTE 6m EN INTERIOR DE LOCAL, EN PARED, PARA PASAR NUEVOS CABLEADOS ALAS NUEVAS RRUs Instalar: INSTALAR NUEVO TUBO SOPORTE DE 3,5m Y @80 mm PARA EL SECTOR 4 Sustituir: SUSTITUIR SOPORTE ACTUAL DEL S3 POR NUEVO SOPORTE BIFIDO. Sustituir: SUSTITUIR DISYUNTOR DE125A QUE ALIMENTA LA PDU DE OSP POR DOS NUEVOS DISY PUENTEADOS DE 80A. --- TRABAJOS A REALIZAR POR PROPIETARIO: - AMPLIAR HUECO PASAMUROS POR FALTA DE ESPACIO. RETIRAR REJIBAND EXISTENTE Y AMPLIAR 15 CM HACIA LA DERECHA PARA NO DEBILITAR ZONA DEL MURO DONDE SE SITUA PLETINA DE MASTIL. - INSTALAR NUEVO TRAMO DE REJIBAND DE APROXIMADAMENTE 6m EN INTERIOR DE LOCAL, EN PARED, PARA PASAR NUEVOS CABLEADOS ALAS NUEVAS RRUs - SUSTITUIR SOPORTE ACTUAL DEL S3 POR NUEVO SOPORTE BIFIDO. - INSTALAR NUEVO TUBO SOPORTE DE 3,5m Y @80 mm PARA EL SECTOR 4 - SUSTITUIR DISYUNTOR DE125A QUE ALIMENTA LA PDU DE OSP POR DOS NUEVOS DISY PUENTEADOS DE 80A. --- INSTALAR NUEVO TRAMO DE REJIBAND DE APROXIMADAMENTE 6m EN INTERIOR DE LOCAL, EN PARED, PARA PASAR NUEVOS CABLEADOS ALAS NUEVAS RRUs | E13: 113.97525 | G13: Modelo | H13: Suma latencias | I13: Suma promedio | J13: Max | K13: Min
A14: mistral:7b-instruct-v0.3-q4_0 | B14: ¿En qué municipio y provincia se encuentra ubicado el nodo, y cuál es su latitud y longitud? | C14: El nodo se encuentra ubicado en el municipio VALENCIA, provincia VALENCIA. Sus coordenadas geográficas son: 39°28'51.96 N 0°20'24.00 W. | D14: El nodo identificado como TFM1436 pertenece al cluster MUIT2018. Se encuentra ubicado en Camino de Vera, municipio VALENCIA, provincia VALENCIA. Sus coordenadas geográficas son: 39°28'51.96 N 0°20'24.00 W. Presenta una cota de 55m | E14: 119.60476 | G14: Phi3 | H14: =+SUM(E2:E7) -> 998.97844 | I14: =+H14/6 -> 166.49641 | J14: =+MAX(E2:E7) -> 487.98101 | K14: =+MIN(E2:E7) -> 54.744503
A15: mistral:7b-instruct-v0.3-q4_0 | B15: ¿Cuál es el consumo eléctrico total previsto tras la reforma y cuál es el consumo de eq._radio en ese escenario? | C15: El consumo eléctrico total previsto tras la reforma es 6474.0 W (suma del consumo de 'eq._radio', transmisor tx, baterias y otros, que en este caso son todos cero). El consumo de 'eq._radio' en ese escenario sería también 6474.0 W. | D15: El desglose de consumo previsto tras la reforma es: eq._radio: 6474.0 W; tx: 300.0 W; baterias: 852.0 W; otros: 0.0 W. --- El consumo de 'eq._radio' previsto tras la reforma es de 6474.0 W. --- El desglose de consumo actual es: eq._radio: 5126.0 W; tx: 300.0 W; baterias: 852.0 W; otros: 0.0 W. | E15: 97.978074 | G15: Tinyllama | H15: =+SUM(E8:E13) -> 292.85032 | I15: =+H15/6 -> 48.808387 | J15: =+MAX(E8:E13) -> 113.97525 | K15: =+MIN(E8:E13) -> 17.19641
A16: mistral:7b-instruct-v0.3-q4_0 | B16: ¿Qué modelos de antena y de RRU se van a instalar en el nodo? | C16: En el nodo se van a instalar las siguientes antenas: A04220PA01v06, ASI4518R39v07 y AIR 6419 3,5 B78Y 5G. Las RRUs que se van a instalar son el modelo RRU 4486 B8/B20/B28, RRU 4485 B1/B3 y RRU 4499 B1/B3. | D16: El nodo dispone de 4 antenas (modelos: A04220PA01v06, ASI4518R39v07, AIR 6419 3,5 B78Y 5G), 5 RRUs (modelos: RRU 4486 B8/B20/B28, RRU 4485 B1/B3/B7, RRU 4499 B1/B3, RRU 2479 B8/B20/B28, RRU 11 B7) y 0 BBUs (modelos: ). --- RRU modelo RRU 2479 B8/B20/B28, tipo de conector: 4.3-10. --- RRU modelo RRU 4486 B8/B20/B28, tipo de conector: 4.3-10. --- RRU modelo RRU 4499 B1/B3, tipo de conector: 4.3-10. | E16: 158.94354 | G16: Mistral | H16: =+SUM(E14:E19) -> 1920.5787 | I16: =+H16/6 -> 320.09645 | J16: =+MAX(E14:E19) -> 1125.036 | K16: =+MIN(E14:E19) -> 97.978074
A17: mistral:7b-instruct-v0.3-q4_0 | B17: ¿Cómo se accede a las antenas desde el punto de vista de PRL y qué sistemas de seguridad existen para ellas? | C17: Para acceder a las antenas, se utiliza una escalera de pates, y el sistema de seguridad que existen son el Sistema Papillon (Game System) y señalización. | D17: Las antenas están ubicadas en azotea transitable, se accede por por escalera de pates, y cuentan con sistema papillon (game system), señalizacion como medidas de seguridad. Las equipos están ubicadas en azotea transitable, se accede por por caseta, y cuentan con señalizacion como medidas de seguridad. --- Antenas: seguridad -> SISTEMA PAPILLON (GAME SYSTEM), SEÑALIZACION. --- Equipos: seguridad -> SEÑALIZACION. --- Equipos: ubicacion -> AZOTEA TRANSITABLE. | E17: 99.277162 | G17: Llama3 | H17: =+SUM(E20:E25) -> 1504.0614 | I17: =+H17/6 -> 250.67691 | J17: =+MAX(E20:E25) -> 666.62167 | K17: =+MIN(E20:E25) -> 82.788617
A18: mistral:7b-instruct-v0.3-q4_0 | B18: ¿Cuántos sectores tiene el nodo y qué modelos de antenas predominan en cada sector? | C18: El nodo cuenta con 4 sectores. Los modelos predominantes en cada sector son los siguientes: - Sector 1: ASI4518R39V07, AIR 6419 3,5 B78Y 5G. - Sector 2: ASI4518R39V07, AIR 6419 3,5 B78Y 5G (predominan en los 4 antenas instaladas). - Sector 3: ASI4518R39V07, AIR 6419 3,5 B78Y 5G. - Sector 4: No se encuentra información suficiente para determinar el modelo predominante en este sector. | D18: El nodo cuenta con 12 antenas distribuidas en 4 sectores: SECTOR 1, SECTOR 2, SECTOR 3, SECTOR 4. Modelos instalados: ASI4518R39V07, A04220PA01v06, AIR 6419 3,5 B78Y 5G. Tecnologías soportadas: L2600, L2100, GU900, UL2100, IoT, L800, L1800, NR3500, LNR700. Orientaciones presentes: 300º, 10º, 115º, 240º. Alturas top: 16.20m, 18.40m, 16.36m, 17.80m, 15.60m, 18.56m. --- En el SECTOR 1 hay 3 antenas instaladas. Modelos: ASI4518R39V07, AIR 6419 3,5 B78Y 5G. Tecnologías soportadas: L2600, GU900, UL2100, IoT, L800, L1800, NR3500, LNR700. Orientaciones: 10º. Alturas top: 16.20m, 18.40m. --- En el SECTOR 3 hay 3 antenas instaladas. Modelos: ASI4518R39V07, AIR 6419 3,5 B78Y 5G. Tecnologías soportadas: L2600, GU900, UL2100, IoT, L800, L1800, NR3500, LNR700. Orientaciones: 240º. Alturas top: 16.36m, 18.56m. --- En el SECTOR 2 hay 4 antenas instaladas. Modelos: ASI4518R39V07, AIR 6419 3,5 B78Y 5G. Tecnologías soportadas: L2600, GU900, UL2100, IoT, L800, L1800, NR3500, LNR700. Orientaciones: 115º. Alturas top: 17.80m, 15.60m. | E18: 319.73918 | G18: Zephyr | H18: =+SUM(E26:E31) -> 1973.4238 | I18: =+H18/6 -> 328.90396 | J18: =+MAX(E26:E31) -> 807.68285 | K18: =+MIN(E26:E31) -> 143.38892
A19: mistral:7b-instruct-v0.3-q4_0 | B19: Resume las tareas principales que debe realizar el operador y menciona al menos una acción que corresponde al propietario. | C19: Las tareas principales que debe realizar el operador incluyen: 1. Instalar 2 nuevos railes Rail Gen2 en pared para las nuevas RRUs a instalar, ubicándolos en pared contigua a las RRUs 4499, en dos niveles. Necesarias dos piezas de anclaje a Rail Gen2. 2. Instalar en PDU OSP, un nuevo distribuidor de 50A para la nueva radio 4485, otro de 32A para la nueva radio 4486 y otro de 50A para la nueva AIR. 3. Instalar 1xnueva antena A04220PA01V06 en pole instalado por Totem. 4. Instalar 1xnueva antena Air 6419 3,5 B78Y 5G en polo instalado por Totem, sobre la pasiva a instalar. 5. Instalar 2xnuevas tiradas de F.O. y 1xnueva Vcc (6mm2) de 30m para la nueva AIR6419 B78Y. 6. Instalar 1xnuevas RRU's 4486 B8/B20/B28 para L800/LoT/GU900/LNR700 OSP y +1xnueva RRU's 4485 B1/B3/B7 para L1800/L2100/L2600 OSP. 7. Instalar 4xtiradas de F.O. y 2 Vcc(6mm2) para las nuevas RADIOS y 8xtiradas de coaxial 1/2" para las nuevas RRU's. 8. Instalar ret conectado a L1800 desde radio 4485 B1/B3/B7. Necesario un nuevo cable AISG 15m. 9. Alimentar PDU OSP con cable de 50mm2. 10. Configurar las tecnologías de la siguiente forma en RBS6201: para integrar el S4 en todas las tecnologias (excepto U2100) hay que mover L800/IOT800 de BB5216 a BB6631 y mover L2100/L1800 de BB6631 a BB6651 (hay que cambiar también las FO). 11. Conectar BB6651 (NR3500):: 0/2/1 BX1723RT1 conectado para el nuevo sector S4: R1: GU900 OSP + L800 OSP + IOT800 OSP + LNR700 OSP; R2: L800 OSP + IOT800 OSP + LNR700 OSP y Y1:L1800/L2100/L2600 OSP; Y2: L1800/L2100/L2600 OSP. Una acción que corresponde al propietario es ampliar hueco pasamuros por falta de espacio y instalar nuevo tramo de rejiband de aproximadamente 6m en interior de local, en pared, para pasar nuevos cableados a las nuevas RRUs. | D19: Resumen de las tareas principales que debe realizar el operador: Otros: BB5216 (CATX0530M): GU900 OSP + U2100 OSP Otros: BB6631 (CATX0530L): LNR700 OSP + L2600 OSP + L800 OSP + IOT OSP Otros: BB6651 (CATX0530G): NR3600 OSP + L1800 OSP + L2100 OSP TX: Otros: BB5216 EXISTENTE (L800/GU900/U2100): 0/2/29 BX1723RT1 Otros: BB6631 EXISTENTE (LNR700/L1800/L2100/L2600): 0/2/28 BX1723RT1 Plan: IMPLANTAGION DEL 700/3500 EN VUELO Plan: PLAN INTEGRACION_SECTORIZACIONES - EXCLUSION INCENTIVADO.SE ANADE UN NUEVO SECTOR. Pasar de 10° 115° 240° a 10° 115° 240° 300°. Tecnologias: TECNOLOGIAS: CEFLMNPQTY. Mantener: SE MANTIENEN LAS BB EXISTENTES. Instalar: INSTALAR 2 NUEVOS RAILES MODELO Rail Gen2, 321mm EN PARED PARA LAS NUEVAS RRUs A INSTALAR. SE INSTALARAN EN PARED CONTIGUA A LAS RRUs 4499, EN DOS NIVELES. NECESARIAS DOS PIEZAS DE ANCLAJE A RAIL GEN2. Instalar: INSTALAR EN PDU OSP, NUEVO DISY DE 50A PARA NUEVA RADIO 4485, NUEVO DISY DE 32A PARA NUEVA RADIO 4486 Y NUEVO DISY DE 50A PARA NUEVA AIR. Instalar: INSTALAR 1xNUEVA ANTENA A04220PA01V06 EN POLE INSTALADO POR TOTEM. SE INSTALA CON LA SIGUIENTE ORIENTACION: 3002 Y COMPACTAR TECNOLOGIAS EN DICHAS ANTENAS. Instalar: INSTALAR 1xNUEVA ANTENA AIR 6419 3,5 B78Y 5G EN POLE INSTALADO POR TOTEM,POR ENCIMA DE LA PASIVA A INSTALAR . SE INSTALA CON LA SIGUIENTE ORIENTACION: 300° . Instalar: INSTALAR 2xNUEVAS TIRADAS DE F.O. Y 1xNUEVA Vcc (6mm2) DE 30m PARA LA NUEVA AIR6419 B78Y. Instalar: INSTALAR 1xNUEVAS RRU's 4486 B8/B20/B28 para L800/loT/GU900/LNR700 OSP +1xNUEVA RRU's 4485 B1/B3/B7 para L1800/L2100/L2600 OSP. Instalar: INSTALAR 4xTIRADAS DE F.O. Y 2 Vcc(6mm2 PARA RRU 4486, 10mm2 PARA RRU 4485) DE 20m PARA LAS NUEVAS RADIOS. Instalar: INSTALAR 8xTIRADAS DE COAXIAL 1/2" DE 15m, PARA LAS NUEVAS RADIOS . Instalar: INSTALAR RET CONECTADO A L1800 DESDE RADIO 4485 B1/B3/B7. NECESARIOS 1 NUEVO CABLE AISG 15m. Alimentar: ALIMENTAR PDU OSP CON CABLE DE 50mm2. Reubicar: REUBICAR S3 A NUEVO BIFIDO A INSTALAR POR TOTEM. Configuracion: LAS TECNOLOGIAS SE CONFIGURAN DE LA SIGUIENTE FORMA EN RBS6201: PARA INTEGRAR EL S4 EN TODAS LAS TECNOLOGIAS (EXCEPTO U2100) HAY QUE MOVER L800/IOT800 DE BB5216 A BB6631 Y MOVER L2100/L1800 DE BB6631 A BB6651 (HAY QUE CAMBIAR TAMBIEN LAS FO). Conexionado: BB6651 (NR3500):: 0/2/1 BX1723RT1 CONEXIONADO PARA EL NUEVO SECTOR S4: R1: GU900 OSP + L800 OSP + IOT800 OSP + LNR700 OSP R2: L800 OSP + IOT800 OSP + LNR700 OSP Y1:L1800/L2100/L2600 OSP Y2: L1800/L2100/L2600 OSP --- Resumen de las tareas principales que debe realizar el propietario: Ampliar: AMPLIAR HUECO PASAMUROS POR FALTA DE ESPACIO. RETIRAR REJIBAND EXISTENTE Y AMPLIAR 15 CM HACIA LA DERECHA PARA NO DEBILITAR ZONA DEL MURO DONDE SE SITUA PLETINA DE MASTIL. Instalar: INSTALAR NUEVO TRAMO DE REJIBAND DE APROXIMADAMENTE 6m EN INTERIOR DE LOCAL, EN PARED, PARA PASAR NUEVOS CABLEADOS ALAS NUEVAS RRUs Instalar: INSTALAR NUEVO TUBO SOPORTE DE 3,5m Y @80 mm PARA EL SECTOR 4 Sustituir: SUSTITUIR SOPORTE ACTUAL DEL S3 POR NUEVO SOPORTE BIFIDO. Sustituir: SUSTITUIR DISYUNTOR DE125A QUE ALIMENTA LA PDU DE OSP POR DOS NUEVOS DISY PUENTEADOS DE 80A. --- TRABAJOS A REALIZAR POR PROPIETARIO: - AMPLIAR HUECO PASAMUROS POR FALTA DE ESPACIO. RETIRAR REJIBAND EXISTENTE Y AMPLIAR 15 CM HACIA LA DERECHA PARA NO DEBILITAR ZONA DEL MURO DONDE SE SITUA PLETINA DE MASTIL. - INSTALAR NUEVO TRAMO DE REJIBAND DE APROXIMADAMENTE 6m EN INTERIOR DE LOCAL, EN PARED, PARA PASAR NUEVOS CABLEADOS ALAS NUEVAS RRUs - SUSTITUIR SOPORTE ACTUAL DEL S3 POR NUEVO SOPORTE BIFIDO. - INSTALAR NUEVO TUBO SOPORTE DE 3,5m Y @80 mm PARA EL SECTOR 4 - SUSTITUIR DISYUNTOR DE125A QUE ALIMENTA LA PDU DE OSP POR DOS NUEVOS DISY PUENTEADOS DE 80A. --- INSTALAR NUEVO TRAMO DE REJIBAND DE APROXIMADAMENTE 6m EN INTERIOR DE LOCAL, EN PARED, PARA PASAR NUEVOS CABLEADOS ALAS NUEVAS RRUs | E19: 1125.036 | G19: Global | H19: =+SUM(H14:H18) -> 6689.8927 | I19: =+(H19/6)/5 -> 222.99642 | J19: =+MAX(J14:J18) -> 1125.036 | K19: =+MIN(K14:K18) -> 17.19641
A20: llama3:8b-instruct-q4_0 | B20: ¿En qué municipio y provincia se encuentra ubicado el nodo, y cuál es su latitud y longitud? | C20: Según los fragmentos proporcionados, el nodo TFM1436 se encuentra ubicado en el municipio VALENCIA y en la provincia VALENCIA. Su latitud es 39°28'51.96 N y su longitud es 0°20'24.00 W. | D20: El nodo identificado como TFM1436 pertenece al cluster MUIT2018. Se encuentra ubicado en Camino de Vera, municipio VALENCIA, provincia VALENCIA. Sus coordenadas geográficas son: 39°28'51.96 N 0°20'24.00 W. Presenta una cota de 55m | E20: 108.06703
A21: llama3:8b-instruct-q4_0 | B21: ¿Cuál es el consumo eléctrico total previsto tras la reforma y cuál es el consumo de eq._radio en ese escenario? | C21: Según el fragmento 1, el desglose de consumo previsto tras la reforma es: * eq._radio: 6474.0 W * tx: 300.0 W * baterias: 852.0 W * otros: 0.0 W Para calcular el consumo eléctrico total previsto, sumamos las tres primeras columnas: 6474.0 W + 300.0 W + 852.0 W = 8626.0 W En cuanto al consumo de eq._radio, según los datos del fragmento 2, es de 6474.0 W. Por lo tanto, la respuesta sería: El consumo eléctrico total previsto tras la reforma es de 8626.0 W y el consumo de eq._radio es de 6474.0 W. | D21: El desglose de consumo previsto tras la reforma es: eq._radio: 6474.0 W; tx: 300.0 W; baterias: 852.0 W; otros: 0.0 W. --- El consumo de 'eq._radio' previsto tras la reforma es de 6474.0 W. --- El desglose de consumo actual es: eq._radio: 5126.0 W; tx: 300.0 W; baterias: 852.0 W; otros: 0.0 W. | E21: 152.63701
A22: llama3:8b-instruct-q4_0 | B22: ¿Qué modelos de antena y de RRU se van a instalar en el nodo? | C22: Según los fragmentos proporcionados, se van a instalar las siguientes antenas: * A04220PA01v06 * ASI4518R39v07 * AIR 6419 3,5 B78Y 5G En cuanto a los RRUs, se mencionan los siguientes modelos: * RRU 4486 B8/B20/B28 (conector: 4.3-10) * RRU 4499 B1/B3 (conector: 4.3-10) * RRU 2479 B8/B20/B28 (conector: 4.3-10) * RRU 11 B7 * RRU 4485 B1/B3/B7 | D22: El nodo dispone de 4 antenas (modelos: A04220PA01v06, ASI4518R39v07, AIR 6419 3,5 B78Y 5G), 5 RRUs (modelos: RRU 4486 B8/B20/B28, RRU 4485 B1/B3/B7, RRU 4499 B1/B3, RRU 2479 B8/B20/B28, RRU 11 B7) y 0 BBUs (modelos: ). --- RRU modelo RRU 2479 B8/B20/B28, tipo de conector: 4.3-10. --- RRU modelo RRU 4486 B8/B20/B28, tipo de conector: 4.3-10. --- RRU modelo RRU 4499 B1/B3, tipo de conector: 4.3-10. | E22: 163.16823
A23: llama3:8b-instruct-q4_0 | B23: ¿Cómo se accede a las antenas desde el punto de vista de PRL y qué sistemas de seguridad existen para ellas? | C23: Según los fragmentos proporcionados, se puede acceder a las antenas por escalera de pates. Además, existen dos sistemas de seguridad para ellas: SISTEMA PAPILLON (GAME SYSTEM), SEÑALIZACION. | D23: Las antenas están ubicadas en azotea transitable, se accede por por escalera de pates, y cuentan con sistema papillon (game system), señalizacion como medidas de seguridad. Las equipos están ubicadas en azotea transitable, se accede por por caseta, y cuentan con señalizacion como medidas de seguridad. --- Antenas: seguridad -> SISTEMA PAPILLON (GAME SYSTEM), SEÑALIZACION. --- Equipos: seguridad -> SEÑALIZACION. --- Equipos: ubicacion -> AZOTEA TRANSITABLE. | E23: 82.788617
A24: llama3:8b-instruct-q4_0 | B24: ¿Cuántos sectores tiene el nodo y qué modelos de antenas predominan en cada sector? | C24: Según los fragmentos proporcionados, el nodo cuenta con 4 sectores (SECTOR 1, SECTOR 2, SECTOR 3, SECTOR 4). En cuanto a la distribución de modelos de antenas por sector, podemos ver que: * En el SECTOR 1 hay 3 antenas instaladas y los modelos ASI4518R39V07 y AIR 6419 3,5 B78Y 5G están presentes. Por lo tanto, no se puede determinar qué modelo de antena predomina en este sector. * En el SECTOR 2 hay 4 antenas instaladas y los modelos ASI4518R39V07 y AIR 6419 3,5 B78Y 5G están presentes. También aquí no se puede determinar qué modelo de antena predomina. * En el SECTOR 3 hay 3 antenas instaladas y los modelos ASI4518R39V07 y AIR 6419 3,5 B78Y 5G están presentes. De nuevo, no se puede determinar qué modelo de antena predomina en este sector. * No se proporciona información sobre el SECTOR 4. En resumen, no se puede determinar qué modelos de antenas predominan en cada sector debido a la falta de información para el SECTOR 4 y la igual distribución de modelos en los demás sectores. | D24: El nodo cuenta con 12 antenas distribuidas en 4 sectores: SECTOR 1, SECTOR 2, SECTOR 3, SECTOR 4. Modelos instalados: ASI4518R39V07, A04220PA01v06, AIR 6419 3,5 B78Y 5G. Tecnologías soportadas: L2600, L2100, GU900, UL2100, IoT, L800, L1800, NR3500, LNR700. Orientaciones presentes: 300º, 10º, 115º, 240º. Alturas top: 16.20m, 18.40m, 16.36m, 17.80m, 15.60m, 18.56m. --- En el SECTOR 1 hay 3 antenas instaladas. Modelos: ASI4518R39V07, AIR 6419 3,5 B78Y 5G. Tecnologías soportadas: L2600, GU900, UL2100, IoT, L800, L1800, NR3500, LNR700. Orientaciones: 10º. Alturas top: 16.20m, 18.40m. --- En el SECTOR 3 hay 3 antenas instaladas. Modelos: ASI4518R39V07, AIR 6419 3,5 B78Y 5G. Tecnologías soportadas: L2600, GU900, UL2100, IoT, L800, L1800, NR3500, LNR700. Orientaciones: 240º. Alturas top: 16.36m, 18.56m. --- En el SECTOR 2 hay 4 antenas instaladas. Modelos: ASI4518R39V07, AIR 6419 3,5 B78Y 5G. Tecnologías soportadas: L2600, GU900, UL2100, IoT, L800, L1800, NR3500, LNR700. Orientaciones: 115º. Alturas top: 17.80m, 15.60m. | E24: 330.77887
A25: llama3:8b-instruct-q4_0 | B25: Resume las tareas principales que debe realizar el operador y menciona al menos una acción que corresponde al propietario. | C25: Según los fragmentos proporcionados, las tareas principales que debe realizar el operador son: * Instalar 2 nuevos railes modelo Rail Gen2 en pared para las nuevas RRUs a instalar. * Instalar un nuevo disco de potencia (PDU) OSP con cables de alimentación de 50mm2. * Instalar una nueva antena A04220PA01V06 en pole instalado por Totem, con orientación 300°. * Instalar una nueva RRU's 4486 B8/B20/B28 para L800/IOT/GU900/LNR700 OSP +1xNUEVA RRU's 4485 B1/B3/B7 para L1800/L2100/L2600 OSP. * Configurar las tecnologías en RBS6201 para integrar el S4 en todas las tecnologías (excepto U2100). * Conectar BB6651 (NR3500) con conexiónado para el nuevo sector S4: R1: GU900 OSP + L800 OSP + IOT800 OSP + LNR700 OSP, R2: L800 OSP + IOT800 OSP + LNR700 OSP y Y1: L1800/L2100/L2600 OSP, Y2: L1800/L2100/L2600 OSP. Al menos una acción que corresponde al propietario es: * Ampliar hueco pasamuros por falta de espacio, retirar rejiband existente y ampliar 15 cm hacia la derecha para no debilitar zona del muro donde se sitúa pletina de mastil. | D25: Resumen de las tareas principales que debe realizar el operador: Otros: BB5216 (CATX0530M): GU900 OSP + U2100 OSP Otros: BB6631 (CATX0530L): LNR700 OSP + L2600 OSP + L800 OSP + IOT OSP Otros: BB6651 (CATX0530G): NR3600 OSP + L1800 OSP + L2100 OSP TX: Otros: BB5216 EXISTENTE (L800/GU900/U2100): 0/2/29 BX1723RT1 Otros: BB6631 EXISTENTE (LNR700/L1800/L2100/L2600): 0/2/28 BX1723RT1 Plan: IMPLANTAGION DEL 700/3500 EN VUELO Plan: PLAN INTEGRACION_SECTORIZACIONES - EXCLUSION INCENTIVADO.SE ANADE UN NUEVO SECTOR. Pasar de 10° 115° 240° a 10° 115° 240° 300°. Tecnologias: TECNOLOGIAS: CEFLMNPQTY. Mantener: SE MANTIENEN LAS BB EXISTENTES. Instalar: INSTALAR 2 NUEVOS RAILES MODELO Rail Gen2, 321mm EN PARED PARA LAS NUEVAS RRUs A INSTALAR. SE INSTALARAN EN PARED CONTIGUA A LAS RRUs 4499, EN DOS NIVELES. NECESARIAS DOS PIEZAS DE ANCLAJE A RAIL GEN2. Instalar: INSTALAR EN PDU OSP, NUEVO DISY DE 50A PARA NUEVA RADIO 4485, NUEVO DISY DE 32A PARA NUEVA RADIO 4486 Y NUEVO DISY DE 50A PARA NUEVA AIR. Instalar: INSTALAR 1xNUEVA ANTENA A04220PA01V06 EN POLE INSTALADO POR TOTEM. SE INSTALA CON LA SIGUIENTE ORIENTACION: 3002 Y COMPACTAR TECNOLOGIAS EN DICHAS ANTENAS. Instalar: INSTALAR 1xNUEVA ANTENA AIR 6419 3,5 B78Y 5G EN POLE INSTALADO POR TOTEM,POR ENCIMA DE LA PASIVA A INSTALAR . SE INSTALA CON LA SIGUIENTE ORIENTACION: 300° . Instalar: INSTALAR 2xNUEVAS TIRADAS DE F.O. Y 1xNUEVA Vcc (6mm2) DE 30m PARA LA NUEVA AIR6419 B78Y. Instalar: INSTALAR 1xNUEVAS RRU's 4486 B8/B20/B28 para L800/loT/GU900/LNR700 OSP +1xNUEVA RRU's 4485 B1/B3/B7 para L1800/L2100/L2600 OSP. Instalar: INSTALAR 4xTIRADAS DE F.O. Y 2 Vcc(6mm2 PARA RRU 4486, 10mm2 PARA RRU 4485) DE 20m PARA LAS NUEVAS RADIOS. Instalar: INSTALAR 8xTIRADAS DE COAXIAL 1/2" DE 15m, PARA LAS NUEVAS RADIOS . Instalar: INSTALAR RET CONECTADO A L1800 DESDE RADIO 4485 B1/B3/B7. NECESARIOS 1 NUEVO CABLE AISG 15m. Alimentar: ALIMENTAR PDU OSP CON CABLE DE 50mm2. Reubicar: REUBICAR S3 A NUEVO BIFIDO A INSTALAR POR TOTEM. Configuracion: LAS TECNOLOGIAS SE CONFIGURAN DE LA SIGUIENTE FORMA EN RBS6201: PARA INTEGRAR EL S4 EN TODAS LAS TECNOLOGIAS (EXCEPTO U2100) HAY QUE MOVER L800/IOT800 DE BB5216 A BB6631 Y MOVER L2100/L1800 DE BB6631 A BB6651 (HAY QUE CAMBIAR TAMBIEN LAS FO). Conexionado: BB6651 (NR3500):: 0/2/1 BX1723RT1 CONEXIONADO PARA EL NUEVO SECTOR S4: R1: GU900 OSP + L800 OSP + IOT800 OSP + LNR700 OSP R2: L800 OSP + IOT800 OSP + LNR700 OSP Y1:L1800/L2100/L2600 OSP Y2: L1800/L2100/L2600 OSP --- Resumen de las tareas principales que debe realizar el propietario: Ampliar: AMPLIAR HUECO PASAMUROS POR FALTA DE ESPACIO. RETIRAR REJIBAND EXISTENTE Y AMPLIAR 15 CM HACIA LA DERECHA PARA NO DEBILITAR ZONA DEL MURO DONDE SE SITUA PLETINA DE MASTIL. Instalar: INSTALAR NUEVO TRAMO DE REJIBAND DE APROXIMADAMENTE 6m EN INTERIOR DE LOCAL, EN PARED, PARA PASAR NUEVOS CABLEADOS ALAS NUEVAS RRUs Instalar: INSTALAR NUEVO TUBO SOPORTE DE 3,5m Y @80 mm PARA EL SECTOR 4 Sustituir: SUSTITUIR SOPORTE ACTUAL DEL S3 POR NUEVO SOPORTE BIFIDO. Sustituir: SUSTITUIR DISYUNTOR DE125A QUE ALIMENTA LA PDU DE OSP POR DOS NUEVOS DISY PUENTEADOS DE 80A. --- TRABAJOS A REALIZAR POR PROPIETARIO: - AMPLIAR HUECO PASAMUROS POR FALTA DE ESPACIO. RETIRAR REJIBAND EXISTENTE Y AMPLIAR 15 CM HACIA LA DERECHA PARA NO DEBILITAR ZONA DEL MURO DONDE SE SITUA PLETINA DE MASTIL. - INSTALAR NUEVO TRAMO DE REJIBAND DE APROXIMADAMENTE 6m EN INTERIOR DE LOCAL, EN PARED, PARA PASAR NUEVOS CABLEADOS ALAS NUEVAS RRUs - SUSTITUIR SOPORTE ACTUAL DEL S3 POR NUEVO SOPORTE BIFIDO. - INSTALAR NUEVO TUBO SOPORTE DE 3,5m Y @80 mm PARA EL SECTOR 4 - SUSTITUIR DISYUNTOR DE125A QUE ALIMENTA LA PDU DE OSP POR DOS NUEVOS DISY PUENTEADOS DE 80A. --- INSTALAR NUEVO TRAMO DE REJIBAND DE APROXIMADAMENTE 6m EN INTERIOR DE LOCAL, EN PARED, PARA PASAR NUEVOS CABLEADOS ALAS NUEVAS RRUs | E25: 666.62167
A26: zephyr:7b-beta-q4_0 | B26: ¿En qué municipio y provincia se encuentra ubicado el nodo, y cuál es su latitud y longitud? | C26: El nodo identificado como TFM1436 pertenece al cluster MUIT2018 y se encuentra ubicado en Camino de Vera, municipio VALENCIA, provincia VALENCIA. Sus coordenadas geográficas son: 39°28'51.96 N 0°20'24.00 W. La cota de este nodo es de 55m. | D26: El nodo identificado como TFM1436 pertenece al cluster MUIT2018. Se encuentra ubicado en Camino de Vera, municipio VALENCIA, provincia VALENCIA. Sus coordenadas geográficas son: 39°28'51.96 N 0°20'24.00 W. Presenta una cota de 55m | E26: 143.38892
A27: zephyr:7b-beta-q4_0 | B27: ¿Cuál es el consumo eléctrico total previsto tras la reforma y cuál es el consumo de eq._radio en ese escenario? | C27: El consumo eléctrico total previsto tras la reforma es la suma del consumo de 'eq._radio' (6474.0 W según Fragmento 2), tx (300.0 W según Fragmento 1 y Fragmento 3), baterias (852.0 W según Fragmento 1 y Fragmento 3) y otros (0.0 W según Fragmento 1 y Fragmento 3), que suman un total de 7676.0 W. El consumo de 'eq._radio' en ese escenario es de 6474.0 W, que se encuentra en el Fragmento 2. Formulación: Consumo total previsto tras la reforma = Consumo 'eq._radio' + Consumo tx + Consumo baterias + Consumo otros Consumo de 'eq._radio' en escenario previsto = Consumo 'eq._radio' previsto tras la reforma (6474.0 W según Fragmento 2) | D27: El desglose de consumo previsto tras la reforma es: eq._radio: 6474.0 W; tx: 300.0 W; baterias: 852.0 W; otros: 0.0 W. --- El consumo de 'eq._radio' previsto tras la reforma es de 6474.0 W. --- El desglose de consumo actual es: eq._radio: 5126.0 W; tx: 300.0 W; baterias: 852.0 W; otros: 0.0 W. | E27: 201.66291
A28: zephyr:7b-beta-q4_0 | B28: ¿Qué modelos de antena y de RRU se van a instalar en el nodo? | C28: Los modelos de antenas que se van a instalar en el nodo son A04220PA01v06, ASI4518R39v07 y AIR 6419 3,5 B78Y 5G. Los modelos de RRUs (Remote Radio Units) que se van a instalar son: RRU 4486 B8/B20/B28, RRU 4485 B1/B3/B7, RRU 4499 B1/B3 y RRU 2479 B8/B20/B28. No se proporciona información sobre el tipo de conector de las antenas. Pero en los fragmentos se especifica que el tipo de conector del RRU modelo RRU 2479 B8/B20/B28 es 4.3-10, y también se especifica que el tipo de conector del RRU modelo RRU 4486 B8/B20/B28 es 4.3-10. Pero no se proporciona información sobre el tipo de conector del RRU modelo RRU 4499 B1/B3 en este fragmento. | D28: El nodo dispone de 4 antenas (modelos: A04220PA01v06, ASI4518R39v07, AIR 6419 3,5 B78Y 5G), 5 RRUs (modelos: RRU 4486 B8/B20/B28, RRU 4485 B1/B3/B7, RRU 4499 B1/B3, RRU 2479 B8/B20/B28, RRU 11 B7) y 0 BBUs (modelos: ). --- RRU modelo RRU 2479 B8/B20/B28, tipo de conector: 4.3-10. --- RRU modelo RRU 4486 B8/B20/B28, tipo de conector: 4.3-10. --- RRU modelo RRU 4499 B1/B3, tipo de conector: 4.3-10. | E28: 249.45502
A29: zephyr:7b-beta-q4_0 | B29: ¿Cómo se accede a las antenas desde el punto de vista de PRL y qué sistemas de seguridad existen para ellas? | C29: Las antenas se ubican en azotea transitable y se accede a ellas por escalera de paletes. Además, cuentan con un sistema Papillon (Game System) y señalización como medidas de seguridad. (Respuesta derivada de Fragmentos 1 y 2.) Fragmento 3 menciona que el equipo también cuenta con señalización como medida de seguridad, pero no se especifica si se refiere a la misma ubicación o a otra. Sin embargo, en Fragmento 4 se indica que los equipos se encuentran en una azotea transitable, por lo que se supone que es posible que también sean accesibles por escalera de paletes y puedan estar sujetos a las mismas medidas de seguridad. En resumen, la información suministrada es insuficiente para especificar qué equipo se refiere en Fragmento 3 y cómo se accede a él desde el punto de vista de PRL, por lo que la mejor opción es responder 'No se encuentra información suficiente'. | D29: Las antenas están ubicadas en azotea transitable, se accede por por escalera de pates, y cuentan con sistema papillon (game system), señalizacion como medidas de seguridad. Las equipos están ubicadas en azotea transitable, se accede por por caseta, y cuentan con señalizacion como medidas de seguridad. --- Antenas: seguridad -> SISTEMA PAPILLON (GAME SYSTEM), SEÑALIZACION. --- Equipos: seguridad -> SEÑALIZACION. --- Equipos: ubicacion -> AZOTEA TRANSITABLE. | E29: 197.72351
A30: zephyr:7b-beta-q4_0 | B30: ¿Cuántos sectores tiene el nodo y qué modelos de antenas predominan en cada sector? | C30: El nodo cuenta con 4 sectores y en el SECTOR 1 se encuentran 3 antenas, modelos ASI4518R39V07 y AIR 6419 3,5 B78Y 5G, que soportan tecnologías como L2600, GU900, UL2100, IoT, L800, L1800, NR3500 y LNR700. En el SECTOR 3 se encuentran igualmente 3 antenas de los mismos modelos y tecnologías. En cambio, en el SECTOR 2 se encuentra la mayor cantidad de antenas, con un total de 4, también del mismo tipo y tecnología que las del SECTOR 1 y SECTOR 3. No se especifica qué modelo predominan en el SECTOR 4. Respuesta: El nodo cuenta con 4 sectores: SECTOR 1 con 3 antenas (ASI4518R39V07 y AIR 6419 3,5 B78Y 5G); SECTOR 2 con 4 antenas del mismo modelo y tecnología que los de SECTOR 1 y SECTOR 3; SECTOR 3 con 3 antenas del mismo modelo y tecnología que las de SECTOR 1 y SECTOR 2; y SECTOR 4 sin especificar cuántas antenas se encuentran ni qué modelos predominan. | D30: El nodo cuenta con 12 antenas distribuidas en 4 sectores: SECTOR 1, SECTOR 2, SECTOR 3, SECTOR 4. Modelos instalados: ASI4518R39V07, A04220PA01v06, AIR 6419 3,5 B78Y 5G. Tecnologías soportadas: L2600, L2100, GU900, UL2100, IoT, L800, L1800, NR3500, LNR700. Orientaciones presentes: 300º, 10º, 115º, 240º. Alturas top: 16.20m, 18.40m, 16.36m, 17.80m, 15.60m, 18.56m. --- En el SECTOR 1 hay 3 antenas instaladas. Modelos: ASI4518R39V07, AIR 6419 3,5 B78Y 5G. Tecnologías soportadas: L2600, GU900, UL2100, IoT, L800, L1800, NR3500, LNR700. Orientaciones: 10º. Alturas top: 16.20m, 18.40m. --- En el SECTOR 3 hay 3 antenas instaladas. Modelos: ASI4518R39V07, AIR 6419 3,5 B78Y 5G. Tecnologías soportadas: L2600, GU900, UL2100, IoT, L800, L1800, NR3500, LNR700. Orientaciones: 240º. Alturas top: 16.36m, 18.56m. --- En el SECTOR 2 hay 4 antenas instaladas. Modelos: ASI4518R39V07, AIR 6419 3,5 B78Y 5G. Tecnologías soportadas: L2600, GU900, UL2100, IoT, L800, L1800, NR3500, LNR700. Orientaciones: 115º. Alturas top: 17.80m, 15.60m. | E30: 373.51056
A31: zephyr:7b-beta-q4_0 | B31: Resume las tareas principales que debe realizar el operador y menciona al menos una acción que corresponde al propietario. | C31: El operador deben llevar a cabo tareas como instalar dos nuevos railes modelo Rail Gen2 de 321mm en la pared para las nuevas RRUs a instalar, instalar un nuevo distribuidor de 50A para la nueva radio 4485, instalar una nueva antena modelo A04220PA01V06 y una nueva antena AIR 6419 de 3,5 MHz en la torre instalada por el totem, conectar cuatro tiradas de fósforos y dos cables de vcc para las nuevas radios, instalar cuatro tiradas de coaxiales de 1/2" de 15m para las nuevas radios, alimentar el PDU OSP con un cable de 50mm2, reubicar la R3 a un nuevo bifido, configurar las tecnologías en el RBS6201 y conectar la BB6651 (NR3500) para el sector S4 con las siguientes tareas de movimiento: mover la L800/IOT800 de la BB5216 a la BB6631 y mover la L1800/L2100/L2600 de la BB6631 a la BB6651 (se necesita cambiar también las FO). | D31: Resumen de las tareas principales que debe realizar el operador: Otros: BB5216 (CATX0530M): GU900 OSP + U2100 OSP Otros: BB6631 (CATX0530L): LNR700 OSP + L2600 OSP + L800 OSP + IOT OSP Otros: BB6651 (CATX0530G): NR3600 OSP + L1800 OSP + L2100 OSP TX: Otros: BB5216 EXISTENTE (L800/GU900/U2100): 0/2/29 BX1723RT1 Otros: BB6631 EXISTENTE (LNR700/L1800/L2100/L2600): 0/2/28 BX1723RT1 Plan: IMPLANTAGION DEL 700/3500 EN VUELO Plan: PLAN INTEGRACION_SECTORIZACIONES - EXCLUSION INCENTIVADO.SE ANADE UN NUEVO SECTOR. Pasar de 10° 115° 240° a 10° 115° 240° 300°. Tecnologias: TECNOLOGIAS: CEFLMNPQTY. Mantener: SE MANTIENEN LAS BB EXISTENTES. Instalar: INSTALAR 2 NUEVOS RAILES MODELO Rail Gen2, 321mm EN PARED PARA LAS NUEVAS RRUs A INSTALAR. SE INSTALARAN EN PARED CONTIGUA A LAS RRUs 4499, EN DOS NIVELES. NECESARIAS DOS PIEZAS DE ANCLAJE A RAIL GEN2. Instalar: INSTALAR EN PDU OSP, NUEVO DISY DE 50A PARA NUEVA RADIO 4485, NUEVO DISY DE 32A PARA NUEVA RADIO 4486 Y NUEVO DISY DE 50A PARA NUEVA AIR. Instalar: INSTALAR 1xNUEVA ANTENA A04220PA01V06 EN POLE INSTALADO POR TOTEM. SE INSTALA CON LA SIGUIENTE ORIENTACION: 3002 Y COMPACTAR TECNOLOGIAS EN DICHAS ANTENAS. Instalar: INSTALAR 1xNUEVA ANTENA AIR 6419 3,5 B78Y 5G EN POLE INSTALADO POR TOTEM,POR ENCIMA DE LA PASIVA A INSTALAR . SE INSTALA CON LA SIGUIENTE ORIENTACION: 300° . Instalar: INSTALAR 2xNUEVAS TIRADAS DE F.O. Y 1xNUEVA Vcc (6mm2) DE 30m PARA LA NUEVA AIR6419 B78Y. Instalar: INSTALAR 1xNUEVAS RRU's 4486 B8/B20/B28 para L800/loT/GU900/LNR700 OSP +1xNUEVA RRU's 4485 B1/B3/B7 para L1800/L2100/L2600 OSP. Instalar: INSTALAR 4xTIRADAS DE F.O. Y 2 Vcc(6mm2 PARA RRU 4486, 10mm2 PARA RRU 4485) DE 20m PARA LAS NUEVAS RADIOS. Instalar: INSTALAR 8xTIRADAS DE COAXIAL 1/2" DE 15m, PARA LAS NUEVAS RADIOS . Instalar: INSTALAR RET CONECTADO A L1800 DESDE RADIO 4485 B1/B3/B7. NECESARIOS 1 NUEVO CABLE AISG 15m. Alimentar: ALIMENTAR PDU OSP CON CABLE DE 50mm2. Reubicar: REUBICAR S3 A NUEVO BIFIDO A INSTALAR POR TOTEM. Configuracion: LAS TECNOLOGIAS SE CONFIGURAN DE LA SIGUIENTE FORMA EN RBS6201: PARA INTEGRAR EL S4 EN TODAS LAS TECNOLOGIAS (EXCEPTO U2100) HAY QUE MOVER L800/IOT800 DE BB5216 A BB6631 Y MOVER L2100/L1800 DE BB6631 A BB6651 (HAY QUE CAMBIAR TAMBIEN LAS FO). Conexionado: BB6651 (NR3500):: 0/2/1 BX1723RT1 CONEXIONADO PARA EL NUEVO SECTOR S4: R1: GU900 OSP + L800 OSP + IOT800 OSP + LNR700 OSP R2: L800 OSP + IOT800 OSP + LNR700 OSP Y1:L1800/L2100/L2600 OSP Y2: L1800/L2100/L2600 OSP --- Resumen de las tareas principales que debe realizar el propietario: Ampliar: AMPLIAR HUECO PASAMUROS POR FALTA DE ESPACIO. RETIRAR REJIBAND EXISTENTE Y AMPLIAR 15 CM HACIA LA DERECHA PARA NO DEBILITAR ZONA DEL MURO DONDE SE SITUA PLETINA DE MASTIL. Instalar: INSTALAR NUEVO TRAMO DE REJIBAND DE APROXIMADAMENTE 6m EN INTERIOR DE LOCAL, EN PARED, PARA PASAR NUEVOS CABLEADOS ALAS NUEVAS RRUs Instalar: INSTALAR NUEVO TUBO SOPORTE DE 3,5m Y @80 mm PARA EL SECTOR 4 Sustituir: SUSTITUIR SOPORTE ACTUAL DEL S3 POR NUEVO SOPORTE BIFIDO. Sustituir: SUSTITUIR DISYUNTOR DE125A QUE ALIMENTA LA PDU DE OSP POR DOS NUEVOS DISY PUENTEADOS DE 80A. --- TRABAJOS A REALIZAR POR PROPIETARIO: - AMPLIAR HUECO PASAMUROS POR FALTA DE ESPACIO. RETIRAR REJIBAND EXISTENTE Y AMPLIAR 15 CM HACIA LA DERECHA PARA NO DEBILITAR ZONA DEL MURO DONDE SE SITUA PLETINA DE MASTIL. - INSTALAR NUEVO TRAMO DE REJIBAND DE APROXIMADAMENTE 6m EN INTERIOR DE LOCAL, EN PARED, PARA PASAR NUEVOS CABLEADOS ALAS NUEVAS RRUs - SUSTITUIR SOPORTE ACTUAL DEL S3 POR NUEVO SOPORTE BIFIDO. - INSTALAR NUEVO TUBO SOPORTE DE 3,5m Y @80 mm PARA EL SECTOR 4 - SUSTITUIR DISYUNTOR DE125A QUE ALIMENTA LA PDU DE OSP POR DOS NUEVOS DISY PUENTEADOS DE 80A. --- INSTALAR NUEVO TRAMO DE REJIBAND DE APROXIMADAMENTE 6m EN INTERIOR DE LOCAL, EN PARED, PARA PASAR NUEVOS CABLEADOS ALAS NUEVAS RRUs | E31: 807.68285

Sheet Análisis
A1: Ponderacion por pregunta
A2: Precisión | B2: 0.25 | C2: Concisión | D2: 0.1 | E2: Alucinación | F2: 0.1
A3: Cobertura | B3: 0.2 | C3: Contexto | D3: 0.25 | E3: Latencia | F3: 0.1
A5: Modelo | B5: Pregunta | C5: Precisión | D5: Cobertura | E5: Concisión | F5: Contexto | G5: Alucinación | H5: Latencia | I5: Latencia | J5: Total | K5: Observaciones
A6: Phi3 | B6: 1 | C6: 2 | D6: 2 | E6: 1 | F6: 2 | G6: 1 | H6: =1-((Resultados!E2-Resultados!K3)/(Resultados!J3-Resultados!K3)) -> 0.55856361 | I6: =1-((Resultados!E2-Resultados!$K$9)/(Resultados!$J$9-Resultados!$K$9)) -> 0.94477486 | J6: =+$B$2*C6+$B$3*D6+$D$2*E6+$D$3*F6+$F$2*G6+$F$3*I6 -> 1.6944775 | K6: Respuesta perfecta literal
A7: Phi3 | B7: 2 | C7: 2 | D7: 2 | E7: 1 | F7: 2 | G7: 1 | H7: =1-((Resultados!E3-Resultados!K4)/(Resultados!J4-Resultados!K4)) -> 0.61056076 | I7: =1-((Resultados!E3-Resultados!$K$9)/(Resultados!$J$9-Resultados!$K$9)) -> 0.93515443 | J7: =+$B$2*C7+$B$3*D7+$D$2*E7+$D$3*F7+$F$2*G7+$F$3*I7 -> 1.6935154 | K7: Respuesta clara y fiel
A8: Phi3 | B8: 3 | C8: 1 | D8: 1 | E8: 1 | F8: 1 | G8: 0 | H8: =1-((Resultados!E4-Resultados!K5)/(Resultados!J5-Resultados!K5)) -> 0.70711716 | I8: =1-((Resultados!E4-Resultados!$K$9)/(Resultados!$J$9-Resultados!$K$9)) -> 0.93484241 | J8: =+$B$2*C8+$B$3*D8+$D$2*E8+$D$3*F8+$F$2*G8+$F$3*I8 -> 0.89348424 | K8: Falla modelos
A9: Phi3 | B9: 4 | C9: 1 | D9: 1 | E9: 1 | F9: 1 | G9: 1 | H9: =1-((Resultados!E5-Resultados!K6)/(Resultados!J6-Resultados!K6)) -> 0.93559721 | I9: =1-((Resultados!E5-Resultados!$K$9)/(Resultados!$J$9-Resultados!$K$9)) -> 0.96610692 | J9: =+$B$2*C9+$B$3*D9+$D$2*E9+$D$3*F9+$F$2*G9+$F$3*I9 -> 0.99661069 | K9: Omite señalización
A10: Phi3 | B10: 5 | C10: 1 | D10: 1 | E10: 0 | F10: 1 | G10: 0 | H10: =1-((Resultados!E6-Resultados!K7)/(Resultados!J7-Resultados!K7)) -> 0.56728798 | I10: =1-((Resultados!E6-Resultados!$K$9)/(Resultados!$J$9-Resultados!$K$9)) -> 0.83547794 | J10: =+$B$2*C10+$B$3*D10+$D$2*E10+$D$3*F10+$F$2*G10+$F$3*I10 -> 0.78354779 | K10: Divaga, mezcla temas
A11: Phi3 | B11: 6 | C11: 0 | D11: 0 | E11: 0 | F11: 0 | G11: 0 | H11: =1-((Resultados!E7-Resultados!K8)/(Resultados!J8-Resultados!K8)) -> 0.63008576 | I11: =1-((Resultados!E7-Resultados!$K$9)/(Resultados!$J$9-Resultados!$K$9)) -> 0.57504262 | J11: =+$B$2*C11+$B$3*D11+$D$2*E11+$D$3*F11+$F$2*G11+$F$3*I11 -> 0.057504262 | K11: Inservible, ruido
A12: TinyLlama | B12: 1 | C12: 0 | D12: 0 | E12: 1 | F12: 0 | G12: 1 | H12: =1-((Resultados!E8-Resultados!K3)/(Resultados!J3-Resultados!K3)) -> 1 | I12: =1-((Resultados!E8-Resultados!$K$9)/(Resultados!$J$9-Resultados!$K$9)) -> 0.99115282 | J12: =+$B$2*C12+$B$3*D12+$D$2*E12+$D$3*F12+$F$2*G12+$F$3*I12 -> 0.29911528 | K12: Niega info existente
A13: TinyLlama | B13: 2 | C13: 0 | D13: 0 | E13: 1 | F13: 0 | G13: 0 | H13: =1-((Resultados!E9-Resultados!K4)/(Resultados!J4-Resultados!K4)) -> 1 | I13: =1-((Resultados!E9-Resultados!$K$9)/(Resultados!$J$9-Resultados!$K$9)) -> 1 | J13: =+$B$2*C13+$B$3*D13+$D$2*E13+$D$3*F13+$F$2*G13+$F$3*I13 -> 0.2 | K13: Da valor erróneo y omite total
A14: TinyLlama | B14: 3 | C14: 0 | D14: 0 | E14: 1 | F14: 0 | G14: 1 | H14: =1-((Resultados!E10-Resultados!K5)/(Resultados!J5-Resultados!K5)) -> 1 | I14: =1-((Resultados!E10-Resultados!$K$9)/(Resultados!$J$9-Resultados!$K$9)) -> 0.99469014 | J14: =+$B$2*C14+$B$3*D14+$D$2*E14+$D$3*F14+$F$2*G14+$F$3*I14 -> 0.29946901 | K14: Ignora fragmentos, no responde
A15: TinyLlama | B15: 4 | C15: 1 | D15: 1 | E15: 0 | F15: 1 | G15: 0 | H15: =1-((Resultados!E11-Resultados!K6)/(Resultados!J6-Resultados!K6)) -> 1 | I15: =1-((Resultados!E11-Resultados!$K$9)/(Resultados!$J$9-Resultados!$K$9)) -> 0.97499097 | J15: =+$B$2*C15+$B$3*D15+$D$2*E15+$D$3*F15+$F$2*G15+$F$3*I15 -> 0.7974991 | K15: Mezcla correcto e inventado, redundante
A16: TinyLlama | B16: 5 | C16: 1 | D16: 1 | E16: 1 | F16: 1 | G16: 0 | H16: =1-((Resultados!E12-Resultados!K7)/(Resultados!J7-Resultados!K7)) -> 1 | I16: =1-((Resultados!E12-Resultados!$K$9)/(Resultados!$J$9-Resultados!$K$9)) -> 0.95531545 | J16: =+$B$2*C16+$B$3*D16+$D$2*E16+$D$3*F16+$F$2*G16+$F$3*I16 -> 0.89553154 | K16: Confunde modelos y tecnologías
A17: TinyLlama | B17: 6 | C17: 0 | D17: 0 | E17: 0 | F17: 0 | G17: 0 | H17: =1-((Resultados!E13-Resultados!K8)/(Resultados!J8-Resultados!K8)) -> 1 | I17: =1-((Resultados!E13-Resultados!$K$9)/(Resultados!$J$9-Resultados!$K$9)) -> 0.91264183 | J17: =+$B$2*C17+$B$3*D17+$D$2*E17+$D$3*F17+$F$2*G17+$F$3*I17 -> 0.091264183 | K17: Respuesta absurda, sin sentido
A18: Mistral | B18: 1 | C18: 2 | D18: 2 | E18: 1 | F18: 2 | G18: 1 | H18: =1-((Resultados!E14-Resultados!K3)/(Resultados!J3-Resultados!K3)) -> 0.20434668 | I18: =1-((Resultados!E14-Resultados!$K$9)/(Resultados!$J$9-Resultados!$K$9)) -> 0.90756031 | J18: =+$B$2*C18+$B$3*D18+$D$2*E18+$D$3*F18+$F$2*G18+$F$3*I18 -> 1.690756 | K18: Lookup perfecto
A19: Mistral | B19: 2 | C19: 1 | D19: 1 | E19: 1 | F19: 1 | G19: 1 | H19: =1-((Resultados!E15-Resultados!K4)/(Resultados!J4-Resultados!K4)) -> 0.56207948 | I19: =1-((Resultados!E15-Resultados!$K$9)/(Resultados!$J$9-Resultados!$K$9)) -> 0.9270818 | J19: =+$B$2*C19+$B$3*D19+$D$2*E19+$D$3*F19+$F$2*G19+$F$3*I19 -> 0.99270818 | K19: Confunde total con parcial
A20: Mistral | B20: 3 | C20: 1 | D20: 1 | E20: 1 | F20: 1 | G20: 1 | H20: =1-((Resultados!E16-Resultados!K5)/(Resultados!J5-Resultados!K5)) -> 0.39982781 | I20: =1-((Resultados!E16-Resultados!$K$9)/(Resultados!$J$9-Resultados!$K$9)) -> 0.87205085 | J20: =+$B$2*C20+$B$3*D20+$D$2*E20+$D$3*F20+$F$2*G20+$F$3*I20 -> 0.98720508 | K20: Omite RRUs
A21: Mistral | B21: 4 | C21: 2 | D21: 2 | E21: 1 | F21: 2 | G21: 1 | H21: =1-((Resultados!E17-Resultados!K6)/(Resultados!J6-Resultados!K6)) -> 0.64419338 | I21: =1-((Resultados!E17-Resultados!$K$9)/(Resultados!$J$9-Resultados!$K$9)) -> 0.92590917 | J21: =+$B$2*C21+$B$3*D21+$D$2*E21+$D$3*F21+$F$2*G21+$F$3*I21 -> 1.6925909 | K21: Sintetiza bien PRL
A22: Mistral | B22: 5 | C22: 2 | D22: 2 | E22: 1 | F22: 2 | G22: 1 | H22: =1-((Resultados!E18-Resultados!K7)/(Resultados!J7-Resultados!K7)) -> 0.17525906 | I22: =1-((Resultados!E18-Resultados!$K$9)/(Resultados!$J$9-Resultados!$K$9)) -> 0.72690742 | J22: =+$B$2*C22+$B$3*D22+$D$2*E22+$D$3*F22+$F$2*G22+$F$3*I22 -> 1.6726907 | K22: Responde óptimamente dentro de los límites del contexto entregado
A23: Mistral | B23: 6 | C23: 2 | D23: 2 | E23: 1 | F23: 2 | G23: 1 | H23: =1-((Resultados!E19-Resultados!K8)/(Resultados!J8-Resultados!K8)) -> 0 | I23: =1-((Resultados!E19-Resultados!$K$9)/(Resultados!$J$9-Resultados!$K$9)) -> 0 | J23: =+$B$2*C23+$B$3*D23+$D$2*E23+$D$3*F23+$F$2*G23+$F$3*I23 -> 1.6 | K23: Síntesis clara y alineada
A24: Llama3 | B24: 1 | C24: 2 | D24: 2 | E24: 1 | F24: 2 | G24: 1 | H24: =1-((Resultados!E20-Resultados!K3)/(Resultados!J3-Resultados!K3)) -> 0.30347546 | I24: =1-((Resultados!E20-Resultados!$K$9)/(Resultados!$J$9-Resultados!$K$9)) -> 0.91797493 | J24: =+$B$2*C24+$B$3*D24+$D$2*E24+$D$3*F24+$F$2*G24+$F$3*I24 -> 1.6917975 | K24: Lookup factual impecable
A25: Llama3 | B25: 2 | C25: 1 | D25: 1 | E25: 1 | F25: 1 | G25: 1 | H25: =1-((Resultados!E21-Resultados!K4)/(Resultados!J4-Resultados!K4)) -> 0.26577129 | I25: =1-((Resultados!E21-Resultados!$K$9)/(Resultados!$J$9-Resultados!$K$9)) -> 0.87774349 | J25: =+$B$2*C25+$B$3*D25+$D$2*E25+$D$3*F25+$F$2*G25+$F$3*I25 -> 0.98777435 | K25: Suma incorrecta, eq_radio ok
A26: Llama3 | B26: 3 | C26: 2 | D26: 2 | E26: 1 | F26: 2 | G26: 1 | H26: =1-((Resultados!E22-Resultados!K5)/(Resultados!J5-Resultados!K5)) -> 0.38116557 | I26: =1-((Resultados!E22-Resultados!$K$9)/(Resultados!$J$9-Resultados!$K$9)) -> 0.8682374 | J26: =+$B$2*C26+$B$3*D26+$D$2*E26+$D$3*F26+$F$2*G26+$F$3*I26 -> 1.6868237 | K26: Ejemplo de exhaustividad
A27: Llama3 | B27: 4 | C27: 2 | D27: 2 | E27: 1 | F27: 2 | G27: 1 | H27: =1-((Resultados!E23-Resultados!K6)/(Resultados!J6-Resultados!K6)) -> 0.7520878 | I27: =1-((Resultados!E23-Resultados!$K$9)/(Resultados!$J$9-Resultados!$K$9)) -> 0.94079268 | J27: =+$B$2*C27+$B$3*D27+$D$2*E27+$D$3*F27+$F$2*G27+$F$3*I27 -> 1.6940793 | K27: Sintetiza perfectamente
A28: Llama3 | B28: 5 | C28: 2 | D28: 2 | E28: 1 | F28: 2 | G28: 1 | H28: =1-((Resultados!E24-Resultados!K7)/(Resultados!J7-Resultados!K7)) -> 0.13927697 | I28: =1-((Resultados!E24-Resultados!$K$9)/(Resultados!$J$9-Resultados!$K$9)) -> 0.71694235 | J28: =+$B$2*C28+$B$3*D28+$D$2*E28+$D$3*F28+$F$2*G28+$F$3*I28 -> 1.6716942 | K28: Optimo manejo de contexto incompleto
A29: Llama3 | B29: 6 | C29: 2 | D29: 2 | E29: 1 | F29: 2 | G29: 1 | H29: =1-((Resultados!E25-Resultados!K8)/(Resultados!J8-Resultados!K8)) -> 0.45339938 | I29: =1-((Resultados!E25-Resultados!$K$9)/(Resultados!$J$9-Resultados!$K$9)) -> 0.41379124 | J29: =+$B$2*C29+$B$3*D29+$D$2*E29+$D$3*F29+$F$2*G29+$F$3*I29 -> 1.6413791 | K29: Lista profesional y completa
A30: Zephyr | B30: 1 | C30: 2 | D30: 2 | E30: 1 | F30: 2 | G30: 1 | H30: =1-((Resultados!E26-Resultados!K3)/(Resultados!J3-Resultados!K3)) -> 0 | I30: =1-((Resultados!E26-Resultados!$K$9)/(Resultados!$J$9-Resultados!$K$9)) -> 0.88609135 | J30: =+$B$2*C30+$B$3*D30+$D$2*E30+$D$3*F30+$F$2*G30+$F$3*I30 -> 1.6886091 | K30: Lookup factual, añade “cota”
A31: Zephyr | B31: 2 | C31: 1 | D31: 1 | E31: 1 | F31: 1 | G31: 1 | H31: =1-((Resultados!E27-Resultados!K4)/(Resultados!J4-Resultados!K4)) -> 0 | I31: =1-((Resultados!E27-Resultados!$K$9)/(Resultados!$J$9-Resultados!$K$9)) -> 0.83348988 | J31: =+$B$2*C31+$B$3*D31+$D$2*E31+$D$3*F31+$F$2*G31+$F$3*I31 -> 0.98334899 | K31: Suma incorrecta pero razonada
A32: Zephyr | B32: 3 | C32: 1 | D32: 1 | E32: 1 | F32: 1 | G32: 1 | H32: =1-((Resultados!E28-Resultados!K5)/(Resultados!J5-Resultados!K5)) -> 0 | I32: =1-((Resultados!E28-Resultados!$K$9)/(Resultados!$J$9-Resultados!$K$9)) -> 0.79034996 | J32: =+$B$2*C32+$B$3*D32+$D$2*E32+$D$3*F32+$F$2*G32+$F$3*I32 -> 0.979035 | K32: Omite una RRU (11 B7)
A33: Zephyr | B33: 4 | C33: 2 | D33: 2 | E33: 1 | F33: 2 | G33: 1 | H33: =1-((Resultados!E29-Resultados!K6)/(Resultados!J6-Resultados!K6)) -> 0 | I33: =1-((Resultados!E29-Resultados!$K$9)/(Resultados!$J$9-Resultados!$K$9)) -> 0.83704581 | J33: =+$B$2*C33+$B$3*D33+$D$2*E33+$D$3*F33+$F$2*G33+$F$3*I33 -> 1.6837046 | K33: Maneja bien la incertidumbre
A34: Zephyr | B34: 5 | C34: 2 | D34: 2 | E34: 1 | F34: 2 | G34: 1 | H34: =1-((Resultados!E30-Resultados!K7)/(Resultados!J7-Resultados!K7)) -> 0 | I34: =1-((Resultados!E30-Resultados!$K$9)/(Resultados!$J$9-Resultados!$K$9)) -> 0.67837027 | J34: =+$B$2*C34+$B$3*D34+$D$2*E34+$D$3*F34+$F$2*G34+$F$3*I34 -> 1.667837 | K34: Ejemplo ideal con contexto parcial
A35: Zephyr | B35: 6 | C35: 1 | D35: 1 | E35: 1 | F35: 1 | G35: 1 | H35: =1-((Resultados!E31-Resultados!K8)/(Resultados!J8-Resultados!K8)) -> 0.31388137 | I35: =1-((Resultados!E31-Resultados!$K$9)/(Resultados!$J$9-Resultados!$K$9)) -> 0.28646127 | J35: =+$B$2*C35+$B$3*D35+$D$2*E35+$D$3*F35+$F$2*G35+$F$3*I35 -> 0.92864613 | K35: Operador muy bien, propietario ausente
B38: Modelo | C38: Precisión | D38: Cobertura | E38: Concisión | F38: Contexto | G38: Alucinación | H38: Latencia | I38: Total | N38: Modelo | O38: Precisión | P38: Precisión (sobre 10) | Q38: Cobertura | R38: Cobertura (sobre 10) | S38: Concisión | T38: Concisión (sobre 10) | U38: Contexto | V38: Contexto (sobre 10) | W38: Alucinación | X38: Alucinación (sobre 10) | Z38: Latencia (sobre 10) | AA38: Total
B39: Phi3 | C39: 5.8333333 | D39: 5.8333333 | E39: 6.6666667 | F39: 5.8333333 | G39: 5 | H39: 8.652332 | I39: 6.1152332 | N39: Phi3 | O39: =+SUM(C6:C11) -> 7 | P39: =+O39*10/12 -> 5.8333333 | Q39: =+SUM(D6:D11) -> 7 | R39: =+Q39*10/12 -> 5.8333333 | S39: =+SUM(E6:E11) -> 4 | T39: =+S39*10/6 -> 6.6666667 | U39: =+SUM(F6:F11) -> 7 | V39: =+U39*10/12 -> 5.8333333 | W39: =+SUM(G6:G11) -> 3 | X39: =+W39*10/6 -> 5 | Y39: =+SUM(I6:I11) -> 5.1913992 | Z39: =10*(1-((Resultados!I14-Resultados!$K$19)/(Resultados!$J$19-Resultados!$K$19))) -> 8.652332 | AA39: =+P39*$B$2+R39*$B$3+T39*$D$2+V39*$D$3+X39*$F$2+Z39*$F$3 -> 6.1152332
B40: TinyLlama | C40: 1.6666667 | D40: 1.6666667 | E40: 6.6666667 | F40: 1.6666667 | G40: 3.3333333 | H40: 9.714652 | I40: 3.1381319 | N40: TinyLlama | O40: =+SUM(C12:C17) -> 2 | P40: =+O40*10/12 -> 1.6666667 | Q40: =+SUM(D12:D17) -> 2 | R40: =+Q40*10/12 -> 1.6666667 | S40: =+SUM(E12:E17) -> 4 | T40: =+S40*10/6 -> 6.6666667 | U40: =+SUM(F12:F17) -> 2 | V40: =+U40*10/12 -> 1.6666667 | W40: =+SUM(G12:G17) -> 2 | X40: =+W40*10/6 -> 3.3333333 | Y40: =+SUM(I12:I17) -> 5.8287912 | Z40: =10*(1-((Resultados!I15-Resultados!$K$19)/(Resultados!$J$19-Resultados!$K$19))) -> 9.714652 | AA40: =+P40*$B$2+R40*$B$3+T40*$D$2+V40*$D$3+X40*$F$2+Z40*$F$3 -> 3.1381319
B41: Mistral | C41: 8.3333333 | D41: 8.3333333 | E41: 10 | F41: 8.3333333 | G41: 10 | H41: 7.2658493 | I41: 8.5599183 | N41: Mistral | O41: =+SUM(C18:C23) -> 10 | P41: =+O41*10/12 -> 8.3333333 | Q41: =+SUM(D18:D23) -> 10 | R41: =+Q41*10/12 -> 8.3333333 | S41: =+SUM(E18:E23) -> 6 | T41: =+S41*10/6 -> 10 | U41: =+SUM(F18:F23) -> 10 | V41: =+U41*10/12 -> 8.3333333 | W41: =+SUM(G18:G23) -> 6 | X41: =+W41*10/6 -> 10 | Y41: =+SUM(I18:I23) -> 4.3595096 | Z41: =10*(1-((Resultados!I16-Resultados!$K$19)/(Resultados!$J$19-Resultados!$K$19))) -> 7.2658493 | AA41: =+P41*$B$2+R41*$B$3+T41*$D$2+V41*$D$3+X41*$F$2+Z41*$F$3 -> 8.5599183
B42: Llama3 | C42: 9.1666667 | D42: 9.1666667 | E42: 10 | F42: 9.1666667 | G42: 10 | H42: 7.8924702 | I42: 9.2059137 | N42: Llama3 | O42: =+SUM(C24:C29) -> 11 | P42: =+O42*10/12 -> 9.1666667 | Q42: =+SUM(D24:D29) -> 11 | R42: =+Q42*10/12 -> 9.1666667 | S42: =+SUM(E24:E29) -> 6 | T42: =+S42*10/6 -> 10 | U42: =+SUM(F24:F29) -> 11 | V42: =+U42*10/12 -> 9.1666667 | W42: =+SUM(G24:G29) -> 6 | X42: =+W42*10/6 -> 10 | Y42: =+SUM(I24:I29) -> 4.7354821 | Z42: =10*(1-((Resultados!I17-Resultados!$K$19)/(Resultados!$J$19-Resultados!$K$19))) -> 7.8924702 | AA42: =+P42*$B$2+R42*$B$3+T42*$D$2+V42*$D$3+X42*$F$2+Z42*$F$3 -> 9.2059137
B43: Zephyr | C43: 7.5 | D43: 7.5 | E43: 10 | F43: 7.5 | G43: 10 | H43: 7.1863476 | I43: 7.9686348 | N43: Zephyr | O43: =+SUM(C30:C35) -> 9 | P43: =+O43*10/12 -> 7.5 | Q43: =+SUM(D30:D35) -> 9 | R43: =+Q43*10/12 -> 7.5 | S43: =+SUM(E30:E35) -> 6 | T43: =+S43*10/6 -> 10 | U43: =+SUM(F30:F35) -> 9 | V43: =+U43*10/12 -> 7.5 | W43: =+SUM(G30:G35) -> 6 | X43: =+W43*10/6 -> 10 | Y43: =+SUM(I30:I35) -> 4.3118085 | Z43: =10*(1-((Resultados!I18-Resultados!$K$19)/(Resultados!$J$19-Resultados!$K$19))) -> 7.1863476 | AA43: =+P43*$B$2+R43*$B$3+T43*$D$2+V43*$D$3+X43*$F$2+Z43*$F$3 -> 7.9686348
B46: Modelo | C46: Precisión | D46: Cobertura | E46: Concisión | F46: Contexto | G46: Alucinación | H46: Latencia | W46: Pregunta | X46: Suma latencias | Y46: Suma promedio | Z46: Max | AA46: Min
B47: Phi3 | C47: 7 | D47: 7 | E47: 4 | F47: 7 | G47: 3 | H47: 5.1913992 | W47: 1 | X47: 476.43538 | Y47: 95.287075 | Z47: 143.38892 | AA47: 26.997663
B48: TinyLlama | C48: 2 | D48: 2 | E48: 4 | F48: 2 | G48: 2 | H48: 5.8287912 | W48: 2 | X48: 558.5093 | Y48: 111.70186 | Z48: 201.66291 | AA48: 17.19641
B49: Mistral | C49: 10 | D49: 10 | E49: 6 | F49: 10 | G49: 6 | H49: 4.3595096 | W49: 3 | X49: 684.02624 | Y49: 136.80525 | Z49: 249.45502 | AA49: 23.078881
B50: Llama3 | C50: 11 | D50: 11 | E50: 6 | F50: 11 | G50: 6 | H50: 4.7354821 | W50: 4 | X50: 479.43619 | Y50: 95.887239 | Z50: 197.72351 | AA50: 44.902398
B51: Zephyr | C51: 9 | D51: 9 | E51: 6 | F51: 9 | G51: 6 | H51: 4.3118085 | W51: 5 | X51: 1290.1888 | Y51: 258.03776 | Z51: 373.51056 | AA51: 66.699724
B52: Modelo | C52: Precisión | D52: Cobertura | E52: Concisión | F52: Contexto | G52: Alucinación | H52: Latencia | W52: 6 | X52: 3201.2968 | Y52: 640.25935 | Z52: 1125.036 | AA52: 113.97525
B53: Phi3 | C53: =+C47/6 -> 1.1666667 | D53: =+D47/6 -> 1.1666667 | E53: =+E47/6 -> 0.66666667 | F53: =+F47/6 -> 1.1666667 | G53: =+G47/6 -> 0.5 | H53: =+H47/6 -> 0.8652332 | W53: Global | X53: 6689.8927 | Y53: 222.99642 | Z53: 1125.036 | AA53: 17.19641
B54: TinyLlama | C54: =+C48/6 -> 0.33333333 | D54: =+D48/6 -> 0.33333333 | E54: =+E48/6 -> 0.66666667 | F54: =+F48/6 -> 0.33333333 | G54: =+G48/6 -> 0.33333333 | H54: =+H48/6 -> 0.9714652
B55: Mistral | C55: =+C49/6 -> 1.6666667 | D55: =+D49/6 -> 1.6666667 | E55: =+E49/6 -> 1 | F55: =+F49/6 -> 1.6666667 | G55: =+G49/6 -> 1 | H55: =+H49/6 -> 0.72658493
B56: Llama3 | C56: =+C50/6 -> 1.8333333 | D56: =+D50/6 -> 1.8333333 | E56: =+E50/6 -> 1 | F56: =+F50/6 -> 1.8333333 | G56: =+G50/6 -> 1 | H56: =+H50/6 -> 0.78924702
B57: Zephyr | C57: =+C51/6 -> 1.5 | D57: =+D51/6 -> 1.5 | E57: =+E51/6 -> 1 | F57: =+F51/6 -> 1.5 | G57: =+G51/6 -> 1 | H57: =+H51/6 -> 0.71863476

Sheet Metodología
D17: Métrica | E17: Rango | F17: Peso
D18: Precisión | E18: 0-2 | F18: 0.25
D19: Cobertura | E19: 0-2 | F19: 0.2
D20: Contexto | E20: 0-2 | F20: 0.25
D21: Concisión | E21: 0-1 | F21: 0.1
D22: Alucinación | E22: 0-1 | F22: 0.1
D23: Latencia | E23: 0-1 | F23: 0.1
